title,image
법화사지0,https://api.cdn.visitjeju.net/photomng/imgpath/202112/13/a6dc8ffe-c098-42b5-827b-f7eb468a7c4f.JPG
법화사지1,https://api.cdn.visitjeju.net/photomng/imgpath/201804/30/7e34b855-72fd-4c24-bebe-70775a9d2223.jpg
법화사지2,https://api.cdn.visitjeju.net/photomng/imgpath/201804/30/12c6f441-6671-45b6-9f7f-dc3b0711fadd.jpg
법화사지3,https://api.cdn.visitjeju.net/photomng/imgpath/202112/13/8dc8a57a-0793-4386-aa06-bd424f617ec0.JPG
북오름0,https://api.cdn.visitjeju.net/photomng/imgpath/202112/07/780e70e3-6d08-4436-b3d0-34e4294c9193.JPG
북오름1,https://api.cdn.visitjeju.net/photomng/imgpath/202112/07/0388a6df-fce8-44de-8fe9-b2ee15849ad2.JPG
북오름2,https://api.cdn.visitjeju.net/photomng/imgpath/202112/07/37df3a82-705c-4b2d-9484-0e925ec2ad1f.JPG
북오름3,https://api.cdn.visitjeju.net/photomng/imgpath/202112/07/e06323d8-f50f-46a5-82f1-0bf82d450759.JPG
북오름4,https://api.cdn.visitjeju.net/photomng/imgpath/202112/07/fea911ae-c067-4799-b120-641855b0b687.jpg
비치미오름0,https://api.cdn.visitjeju.net/photomng/imgpath/202112/22/61178a20-a01b-4cf5-88e5-6a4bf7a911d4.jpg
비치미오름1,https://api.cdn.visitjeju.net/photomng/imgpath/201804/30/73aed812-8992-41ba-a829-b402cf6f512e.jpg
비치미오름2,https://api.cdn.visitjeju.net/photomng/imgpath/201804/30/e479aec8-ffa4-4052-9526-04bd1277056f.jpg
비치미오름3,https://api.cdn.visitjeju.net/photomng/imgpath/201804/30/a3e0c2cd-23f7-4ea8-9d56-a95865b047fc.jpg
산지등대0,https://api.cdn.visitjeju.net/photomng/imgpath/202112/07/c648853a-9426-4b12-9437-eda58f70042c.jpg
산지등대1,https://api.cdn.visitjeju.net/photomng/imgpath/202112/07/950d990d-8ff9-456b-b896-67ca156edb9c.jpg
산지등대2,https://api.cdn.visitjeju.net/photomng/imgpath/202112/07/8787648b-693c-4426-9fc2-f1eb72c243bd.jpg
산지등대3,https://api.cdn.visitjeju.net/photomng/imgpath/202112/07/9c73ecca-4734-4ec3-84e8-1a809f755c47.jpg
