foodCategory,images,rating,visitReviewCount,blogReviewCount,review
x,x,x,x,x,x
x,x,x,x,x,x
x,x,x,x,x,x
x,x,x,x,x,x
x,x,x,x,x,x
x,x,x,x,x,x
x,x,x,x,x,x
x,x,x,x,x,x
x,x,x,x,x,x
x,x,x,x,x,x
x,x,x,x,x,x
x,x,x,x,x,x
x,x,x,x,x,x
x,x,x,x,x,x
x,x,x,x,x,x
x,x,x,x,x,x
x,x,x,x,x,x
x,x,x,x,x,x
x,x,x,x,x,x
x,x,x,x,x,x
x,x,x,x,x,x
x,x,x,x,x,x
x,x,x,x,x,x
x,x,x,x,x,x
x,x,x,x,x,x
x,x,x,x,x,x
x,x,x,x,x,x
x,x,x,x,x,x
x,x,x,x,x,x
x,x,x,x,x,x
x,x,x,x,x,x
x,x,x,x,x,x
x,x,x,x,x,x
x,x,x,x,x,x
x,x,x,x,x,x
x,x,x,x,x,x
x,x,x,x,x,x
x,x,x,x,x,x
x,x,x,x,x,x
x,x,x,x,x,x
x,x,x,x,x,x
x,x,x,x,x,x
x,x,x,x,x,x
x,x,x,x,x,x
x,x,x,x,x,x
x,x,x,x,x,x
x,x,x,x,x,x
x,x,x,x,x,x
x,x,x,x,x,x
x,x,x,x,x,x
x,x,x,x,x,x
x,x,x,x,x,x
x,x,x,x,x,x
x,x,x,x,x,x
x,x,x,x,x,x
x,x,x,x,x,x
x,x,x,x,x,x
x,x,x,x,x,x
x,x,x,x,x,x
x,x,x,x,x,x
x,x,x,x,x,x
x,x,x,x,x,x
x,x,x,x,x,x
x,x,x,x,x,x
x,x,x,x,x,x
x,x,x,x,x,x
x,x,x,x,x,x
x,x,x,x,x,x
x,x,x,x,x,x
x,x,x,x,x,x
x,x,x,x,x,x
x,x,x,x,x,x
x,x,x,x,x,x
x,x,x,x,x,x
x,x,x,x,x,x
x,x,x,x,x,x
x,x,x,x,x,x
x,x,x,x,x,x
x,x,x,x,x,x
x,x,x,x,x,x
x,x,x,x,x,x
x,x,x,x,x,x
x,x,x,x,x,x
x,x,x,x,x,x
x,x,x,x,x,x
x,x,x,x,x,x
x,x,x,x,x,x
x,x,x,x,x,x
x,x,x,x,x,x
x,x,x,x,x,x
x,x,x,x,x,x
한식,[],4.55,457,162,"['', '', '', '', '', '', '', '', '', '']"
x,x,x,x,x,x
x,x,x,x,x,x
x,x,x,x,x,x
x,x,x,x,x,x
x,x,x,x,x,x
x,x,x,x,x,x
x,x,x,x,x,x
x,x,x,x,x,x
x,x,x,x,x,x
x,x,x,x,x,x
x,x,x,x,x,x
x,x,x,x,x,x
x,x,x,x,x,x
x,x,x,x,x,x
x,x,x,x,x,x
x,x,x,x,x,x
x,x,x,x,x,x
x,x,x,x,x,x
x,x,x,x,x,x
x,x,x,x,x,x
x,x,x,x,x,x
x,x,x,x,x,x
x,x,x,x,x,x
x,x,x,x,x,x
x,x,x,x,x,x
x,x,x,x,x,x
x,x,x,x,x,x
x,x,x,x,x,x
x,x,x,x,x,x
x,x,x,x,x,x
x,x,x,x,x,x
x,x,x,x,x,x
x,x,x,x,x,x
x,x,x,x,x,x
x,x,x,x,x,x
x,x,x,x,x,x
x,x,x,x,x,x
x,x,x,x,x,x
x,x,x,x,x,x
x,x,x,x,x,x
x,x,x,x,x,x
x,x,x,x,x,x
x,x,x,x,x,x
x,x,x,x,x,x
x,x,x,x,x,x
,[],4.34,423,25,"['', '', '', '', '', '', '', '', '', '']"
x,x,x,x,x,x
x,x,x,x,x,x
x,x,x,x,x,x
x,x,x,x,x,x
x,x,x,x,x,x
x,x,x,x,x,x
x,x,x,x,x,x
x,x,x,x,x,x
x,x,x,x,x,x
x,x,x,x,x,x
x,x,x,x,x,x
x,x,x,x,x,x
x,x,x,x,x,x
x,x,x,x,x,x
x,x,x,x,x,x
x,x,x,x,x,x
x,x,x,x,x,x
x,x,x,x,x,x
x,x,x,x,x,x
x,x,x,x,x,x
x,x,x,x,x,x
x,x,x,x,x,x
x,x,x,x,x,x
x,x,x,x,x,x
x,x,x,x,x,x
x,x,x,x,x,x
x,x,x,x,x,x
x,x,x,x,x,x
x,x,x,x,x,x
x,x,x,x,x,x
x,x,x,x,x,x
x,x,x,x,x,x
x,x,x,x,x,x
x,x,x,x,x,x
x,x,x,x,x,x
x,x,x,x,x,x
x,x,x,x,x,x
x,x,x,x,x,x
x,x,x,x,x,x
x,x,x,x,x,x
x,x,x,x,x,x
x,x,x,x,x,x
x,x,x,x,x,x
x,x,x,x,x,x
x,x,x,x,x,x
x,x,x,x,x,x
x,x,x,x,x,x
x,x,x,x,x,x
x,x,x,x,x,x
x,x,x,x,x,x
x,x,x,x,x,x
x,x,x,x,x,x
x,x,x,x,x,x
x,x,x,x,x,x
x,x,x,x,x,x
x,x,x,x,x,x
x,x,x,x,x,x
x,x,x,x,x,x
x,x,x,x,x,x
x,x,x,x,x,x
x,x,x,x,x,x
x,x,x,x,x,x
x,x,x,x,x,x
x,x,x,x,x,x
x,x,x,x,x,x
x,x,x,x,x,x
x,x,x,x,x,x
x,x,x,x,x,x
x,x,x,x,x,x
x,x,x,x,x,x
x,x,x,x,x,x
x,x,x,x,x,x
x,x,x,x,x,x
x,x,x,x,x,x
x,x,x,x,x,x
x,x,x,x,x,x
x,x,x,x,x,x
x,x,x,x,x,x
x,x,x,x,x,x
x,x,x,x,x,x
x,x,x,x,x,x
x,x,x,x,x,x
x,x,x,x,x,x
x,x,x,x,x,x
x,x,x,x,x,x
x,x,x,x,x,x
x,x,x,x,x,x
x,x,x,x,x,x
x,x,x,x,x,x
x,x,x,x,x,x
x,x,x,x,x,x
x,x,x,x,x,x
x,x,x,x,x,x
x,x,x,x,x,x
x,x,x,x,x,x
x,x,x,x,x,x
x,x,x,x,x,x
x,x,x,x,x,x
x,x,x,x,x,x
x,x,x,x,x,x
x,x,x,x,x,x
x,x,x,x,x,x
x,x,x,x,x,x
x,x,x,x,x,x
x,x,x,x,x,x
x,x,x,x,x,x
x,x,x,x,x,x
x,x,x,x,x,x
x,x,x,x,x,x
x,x,x,x,x,x
x,x,x,x,x,x
x,x,x,x,x,x
x,x,x,x,x,x
x,x,x,x,x,x
x,x,x,x,x,x
x,x,x,x,x,x
x,x,x,x,x,x
x,x,x,x,x,x
x,x,x,x,x,x
x,x,x,x,x,x
x,x,x,x,x,x
x,x,x,x,x,x
x,x,x,x,x,x
x,x,x,x,x,x
x,x,x,x,x,x
x,x,x,x,x,x
x,x,x,x,x,x
x,x,x,x,x,x
x,x,x,x,x,x
x,x,x,x,x,x
x,x,x,x,x,x
x,x,x,x,x,x
x,x,x,x,x,x
x,x,x,x,x,x
x,x,x,x,x,x
기업,[],4.47,935,1209,"['', '', '', '', '', '', '', '', '', '']"
x,x,x,x,x,x
x,x,x,x,x,x
x,x,x,x,x,x
x,x,x,x,x,x
x,x,x,x,x,x
x,x,x,x,x,x
x,x,x,x,x,x
x,x,x,x,x,x
x,x,x,x,x,x
x,x,x,x,x,x
x,x,x,x,x,x
x,x,x,x,x,x
x,x,x,x,x,x
x,x,x,x,x,x
x,x,x,x,x,x
x,x,x,x,x,x
x,x,x,x,x,x
x,x,x,x,x,x
x,x,x,x,x,x
x,x,x,x,x,x
x,x,x,x,x,x
x,x,x,x,x,x
x,x,x,x,x,x
x,x,x,x,x,x
x,x,x,x,x,x
x,x,x,x,x,x
x,x,x,x,x,x
x,x,x,x,x,x
x,x,x,x,x,x
x,x,x,x,x,x
x,x,x,x,x,x
x,x,x,x,x,x
x,x,x,x,x,x
x,x,x,x,x,x
x,x,x,x,x,x
x,x,x,x,x,x
x,x,x,x,x,x
한정식-일반,[],4.46,3874,2655,"['', '', '', '', '', '', '', '', '', '']"
x,x,x,x,x,x
x,x,x,x,x,x
x,x,x,x,x,x
x,x,x,x,x,x
x,x,x,x,x,x
x,x,x,x,x,x
x,x,x,x,x,x
x,x,x,x,x,x
x,x,x,x,x,x
x,x,x,x,x,x
x,x,x,x,x,x
x,x,x,x,x,x
x,x,x,x,x,x
x,x,x,x,x,x
x,x,x,x,x,x
x,x,x,x,x,x
x,x,x,x,x,x
x,x,x,x,x,x
x,x,x,x,x,x
x,x,x,x,x,x
x,x,x,x,x,x
x,x,x,x,x,x
x,x,x,x,x,x
x,x,x,x,x,x
x,x,x,x,x,x
x,x,x,x,x,x
x,x,x,x,x,x
x,x,x,x,x,x
x,x,x,x,x,x
x,x,x,x,x,x
x,x,x,x,x,x
생선회,"['""https://search.pstatic.net/common/?autoRotate=true&quality=95&type=w750&src=https%3A%2F%2Fldb-phinf.pstatic.net%2F20200430_103%2F1588181454310vddLA_JPEG%2FxrH_4cTzlHunb06kOlS3ssA6.jpg""']",x,2,13,"['', '', '', '', '', '', '', '', '', '']"
x,x,x,x,x,x
x,x,x,x,x,x
x,x,x,x,x,x
x,x,x,x,x,x
x,x,x,x,x,x
x,x,x,x,x,x
x,x,x,x,x,x
x,x,x,x,x,x
x,x,x,x,x,x
x,x,x,x,x,x
x,x,x,x,x,x
x,x,x,x,x,x
x,x,x,x,x,x
"차류가공,제조","['""https://search.pstatic.net/common/?autoRotate=true&type=w560_sharpen&src=https%3A%2F%2Fldb-phinf.pstatic.net%2F20221128_247%2F1669609912433QBnp4_JPEG%2FScreenshot_20221128_132951.jpg""', '""https://search.pstatic.net/common/?autoRotate=true&type=w560_sharpen&src=https%3A%2F%2Fldb-phinf.pstatic.net%2F20221128_245%2F1669609912568tmiow_JPEG%2FScreenshot_20221128_132936.jpg""']",x,8,1,"['', '', '', '', '', '', '', '', '', '']"
x,x,x,x,x,x
x,x,x,x,x,x
x,x,x,x,x,x
x,x,x,x,x,x
x,x,x,x,x,x
x,x,x,x,x,x
x,x,x,x,x,x
x,x,x,x,x,x
x,x,x,x,x,x
x,x,x,x,x,x
x,x,x,x,x,x
x,x,x,x,x,x
x,x,x,x,x,x
x,x,x,x,x,x
x,x,x,x,x,x
x,x,x,x,x,x
x,x,x,x,x,x
x,x,x,x,x,x
x,x,x,x,x,x
x,x,x,x,x,x
x,x,x,x,x,x
x,x,x,x,x,x
x,x,x,x,x,x
x,x,x,x,x,x
x,x,x,x,x,x
x,x,x,x,x,x
x,x,x,x,x,x
x,x,x,x,x,x
x,x,x,x,x,x
x,x,x,x,x,x
x,x,x,x,x,x
x,x,x,x,x,x
x,x,x,x,x,x
x,x,x,x,x,x
x,x,x,x,x,x
x,x,x,x,x,x
x,x,x,x,x,x
x,x,x,x,x,x
x,x,x,x,x,x
x,x,x,x,x,x
x,x,x,x,x,x
x,x,x,x,x,x
x,x,x,x,x,x
x,x,x,x,x,x
x,x,x,x,x,x
x,x,x,x,x,x
x,x,x,x,x,x
x,x,x,x,x,x
x,x,x,x,x,x
x,x,x,x,x,x
x,x,x,x,x,x
x,x,x,x,x,x
x,x,x,x,x,x
x,x,x,x,x,x
x,x,x,x,x,x
x,x,x,x,x,x
x,x,x,x,x,x
x,x,x,x,x,x
x,x,x,x,x,x
x,x,x,x,x,x
x,x,x,x,x,x
x,x,x,x,x,x
x,x,x,x,x,x
x,x,x,x,x,x
x,x,x,x,x,x
x,x,x,x,x,x
x,x,x,x,x,x
x,x,x,x,x,x
x,x,x,x,x,x
x,x,x,x,x,x
x,x,x,x,x,x
x,x,x,x,x,x
x,x,x,x,x,x
x,x,x,x,x,x
x,x,x,x,x,x
x,x,x,x,x,x
x,x,x,x,x,x
x,x,x,x,x,x
x,x,x,x,x,x
x,x,x,x,x,x
x,x,x,x,x,x
x,x,x,x,x,x
"맥주,호프",[],x,13,1,"['', '', '', '', '', '', '', '', '', '']"
x,x,x,x,x,x
x,x,x,x,x,x
x,x,x,x,x,x
x,x,x,x,x,x
x,x,x,x,x,x
x,x,x,x,x,x
x,x,x,x,x,x
x,x,x,x,x,x
x,x,x,x,x,x
x,x,x,x,x,x
x,x,x,x,x,x
x,x,x,x,x,x
x,x,x,x,x,x
x,x,x,x,x,x
x,x,x,x,x,x
x,x,x,x,x,x
x,x,x,x,x,x
x,x,x,x,x,x
x,x,x,x,x,x
x,x,x,x,x,x
x,x,x,x,x,x
x,x,x,x,x,x
x,x,x,x,x,x
x,x,x,x,x,x
x,x,x,x,x,x
x,x,x,x,x,x
x,x,x,x,x,x
x,x,x,x,x,x
x,x,x,x,x,x
x,x,x,x,x,x
x,x,x,x,x,x
x,x,x,x,x,x
x,x,x,x,x,x
x,x,x,x,x,x
x,x,x,x,x,x
x,x,x,x,x,x
x,x,x,x,x,x
x,x,x,x,x,x
x,x,x,x,x,x
x,x,x,x,x,x
x,x,x,x,x,x
x,x,x,x,x,x
x,x,x,x,x,x
x,x,x,x,x,x
x,x,x,x,x,x
x,x,x,x,x,x
x,x,x,x,x,x
x,x,x,x,x,x
x,x,x,x,x,x
x,x,x,x,x,x
x,x,x,x,x,x
x,x,x,x,x,x
x,x,x,x,x,x
x,x,x,x,x,x
x,x,x,x,x,x
x,x,x,x,x,x
x,x,x,x,x,x
x,x,x,x,x,x
x,x,x,x,x,x
x,x,x,x,x,x
x,x,x,x,x,x
x,x,x,x,x,x
x,x,x,x,x,x
x,x,x,x,x,x
x,x,x,x,x,x
x,x,x,x,x,x
x,x,x,x,x,x
x,x,x,x,x,x
x,x,x,x,x,x
x,x,x,x,x,x
x,x,x,x,x,x
x,x,x,x,x,x
x,x,x,x,x,x
x,x,x,x,x,x
x,x,x,x,x,x
x,x,x,x,x,x
x,x,x,x,x,x
x,x,x,x,x,x
x,x,x,x,x,x
x,x,x,x,x,x
x,x,x,x,x,x
x,x,x,x,x,x
x,x,x,x,x,x
x,x,x,x,x,x
x,x,x,x,x,x
x,x,x,x,x,x
x,x,x,x,x,x
x,x,x,x,x,x
x,x,x,x,x,x
"가정,생활용품","['""https://search.pstatic.net/common/?autoRotate=true&quality=95&type=w750&src=https%3A%2F%2Fldb-phinf.pstatic.net%2F20240203_77%2F1706937402739CB9YV_JPEG%2F1B967466-AB12-477C-A3A4-978BB4DAE1E2.jpeg""']",x,13,24,"['', '', '', '', '', '', '', '', '', '']"
x,x,x,x,x,x
x,x,x,x,x,x
x,x,x,x,x,x
x,x,x,x,x,x
x,x,x,x,x,x
x,x,x,x,x,x
x,x,x,x,x,x
x,x,x,x,x,x
x,x,x,x,x,x
x,x,x,x,x,x
x,x,x,x,x,x
x,x,x,x,x,x
x,x,x,x,x,x
x,x,x,x,x,x
x,x,x,x,x,x
x,x,x,x,x,x
x,x,x,x,x,x
x,x,x,x,x,x
x,x,x,x,x,x
x,x,x,x,x,x
x,x,x,x,x,x
x,x,x,x,x,x
x,x,x,x,x,x
x,x,x,x,x,x
x,x,x,x,x,x
x,x,x,x,x,x
x,x,x,x,x,x
x,x,x,x,x,x
x,x,x,x,x,x
x,x,x,x,x,x
x,x,x,x,x,x
x,x,x,x,x,x
x,x,x,x,x,x
x,x,x,x,x,x
x,x,x,x,x,x
x,x,x,x,x,x
x,x,x,x,x,x
x,x,x,x,x,x
x,x,x,x,x,x
x,x,x,x,x,x
x,x,x,x,x,x
x,x,x,x,x,x
x,x,x,x,x,x
x,x,x,x,x,x
x,x,x,x,x,x
x,x,x,x,x,x
x,x,x,x,x,x
x,x,x,x,x,x
x,x,x,x,x,x
x,x,x,x,x,x
x,x,x,x,x,x
x,x,x,x,x,x
x,x,x,x,x,x
x,x,x,x,x,x
x,x,x,x,x,x
x,x,x,x,x,x
x,x,x,x,x,x
x,x,x,x,x,x
x,x,x,x,x,x
x,x,x,x,x,x
x,x,x,x,x,x
x,x,x,x,x,x
x,x,x,x,x,x
x,x,x,x,x,x
x,x,x,x,x,x
x,x,x,x,x,x
x,x,x,x,x,x
x,x,x,x,x,x
x,x,x,x,x,x
x,x,x,x,x,x
x,x,x,x,x,x
x,x,x,x,x,x
x,x,x,x,x,x
x,x,x,x,x,x
x,x,x,x,x,x
x,x,x,x,x,x
x,x,x,x,x,x
x,x,x,x,x,x
x,x,x,x,x,x
x,x,x,x,x,x
x,x,x,x,x,x
x,x,x,x,x,x
x,x,x,x,x,x
x,x,x,x,x,x
x,x,x,x,x,x
x,x,x,x,x,x
x,x,x,x,x,x
x,x,x,x,x,x
x,x,x,x,x,x
x,x,x,x,x,x
x,x,x,x,x,x
x,x,x,x,x,x
x,x,x,x,x,x
x,x,x,x,x,x
x,x,x,x,x,x
x,x,x,x,x,x
x,x,x,x,x,x
x,x,x,x,x,x
x,x,x,x,x,x
x,x,x,x,x,x
x,x,x,x,x,x
x,x,x,x,x,x
x,x,x,x,x,x
x,x,x,x,x,x
x,x,x,x,x,x
x,x,x,x,x,x
x,x,x,x,x,x
x,x,x,x,x,x
x,x,x,x,x,x
x,x,x,x,x,x
x,x,x,x,x,x
x,x,x,x,x,x
x,x,x,x,x,x
x,x,x,x,x,x
x,x,x,x,x,x
x,x,x,x,x,x
x,x,x,x,x,x
x,x,x,x,x,x
x,x,x,x,x,x
x,x,x,x,x,x
x,x,x,x,x,x
x,x,x,x,x,x
x,x,x,x,x,x
x,x,x,x,x,x
x,x,x,x,x,x
x,x,x,x,x,x
x,x,x,x,x,x
x,x,x,x,x,x
x,x,x,x,x,x
x,x,x,x,x,x
x,x,x,x,x,x
x,x,x,x,x,x
x,x,x,x,x,x
x,x,x,x,x,x
x,x,x,x,x,x
x,x,x,x,x,x
x,x,x,x,x,x
x,x,x,x,x,x
x,x,x,x,x,x
"카페,디저트","['""https://search.pstatic.net/common/?autoRotate=true&type=w560_sharpen&src=https%3A%2F%2Fldb-phinf.pstatic.net%2F20190612_232%2F15603237436658aak6_JPEG%2FIunO2HqLGOq5je5qeRaGghNd.jpg""', '""https://search.pstatic.net/common/?autoRotate=true&type=w278_sharpen&src=https%3A%2F%2Fldb-phinf.pstatic.net%2F20190612_285%2F1560326011315qmwW2_JPEG%2FF6CExzjEIL1wApFYUZiGDIU6.jpg""', '""https://search.pstatic.net/common/?autoRotate=true&type=w278_sharpen&src=https%3A%2F%2Fldb-phinf.pstatic.net%2F20190612_249%2F1560323771241aeyjF_JPEG%2FOLeLGR8N9M4gsFRVoI5rc4Yp.jpg""']",4.44,93,28,"['', '', '', '', '', '', '', '', '', '', '', '', '', '', '', '', '', '', '', '', '', '', '', '', '', '', '', '', '', '']"
x,x,x,x,x,x
"카페,디저트","['""https://search.pstatic.net/common/?autoRotate=true&type=w560_sharpen&src=https%3A%2F%2Fldb-phinf.pstatic.net%2F20210407_254%2F1617786954892jxCUS_JPEG%2FDYbKfhv1Na7UGrUjgCu18WFG.jpg""', '""https://search.pstatic.net/common/?autoRotate=true&type=w278_sharpen&src=https%3A%2F%2Fldb-phinf.pstatic.net%2F20210407_49%2F1617786961665y9ky8_JPEG%2FTICNUpM0ZceQBrNzFNjj-4k4.jpg""', '""https://search.pstatic.net/common/?autoRotate=true&type=w278_sharpen&src=https%3A%2F%2Fldb-phinf.pstatic.net%2F20210407_22%2F1617786972002MvhoQ_JPEG%2F_REPdcXO1iLgeTN2hM98LWPZ.jpg""']",4.76,203,135,"['', '', '', '', '', '', '', '', '', '', '', '', '', '', '', '', '', '', '', '', '', '', '', '', '', '', '', '', '', '']"
"카페,디저트","['""https://search.pstatic.net/common/?autoRotate=true&type=w560_sharpen&src=https%3A%2F%2Fldb-phinf.pstatic.net%2F20230402_127%2F1680440322800bCx4e_JPEG%2F1.jpg""', '""https://search.pstatic.net/common/?autoRotate=true&type=w278_sharpen&src=https%3A%2F%2Fldb-phinf.pstatic.net%2F20230402_262%2F1680440322325qqgxh_JPEG%2F2.jpg""', '""https://search.pstatic.net/common/?autoRotate=true&type=w278_sharpen&src=https%3A%2F%2Fldb-phinf.pstatic.net%2F20230402_112%2F1680440323550LNhvs_JPEG%2F4.jpg""']",4.53,1388,2127,"['', '', '', '', '', '', '', '', '', '', '', '', '', '', '', '', '', '', '', '', '', '', '', '', '', '', '', '', '', '']"
x,x,x,x,x,x
x,x,x,x,x,x
x,x,x,x,x,x
x,x,x,x,x,x
"카페,디저트","['""https://search.pstatic.net/common/?autoRotate=true&type=w560_sharpen&src=https%3A%2F%2Fldb-phinf.pstatic.net%2F20190220_146%2F1550669823105dk8oe_JPEG%2FDnaMQM6yZCid2EyJPofgZBPr.jpg""', '""https://search.pstatic.net/common/?autoRotate=true&type=w278_sharpen&src=https%3A%2F%2Fldb-phinf.pstatic.net%2F20190220_280%2F1550669849301abdVE_JPEG%2FjycNqxZtfdOfSCRb76iXxkuR.jpg""', '""https://search.pstatic.net/common/?autoRotate=true&type=w278_sharpen&src=https%3A%2F%2Fldb-phinf.pstatic.net%2F20190220_277%2F1550669860232881c2_JPEG%2F_CU9nHZeD5PXH1uX4hXQ8PvY.jpg""']",4.62,94,23,"['', '', '', '', '', '', '', '', '', '', '', '', '', '', '', '', '', '', '', '', '', '', '', '', '', '', '', '', '', '']"
x,x,x,x,x,x
x,x,x,x,x,x
x,x,x,x,x,x
"카페,디저트","['""https://search.pstatic.net/common/?autoRotate=true&quality=95&type=w750&src=https%3A%2F%2Fldb-phinf.pstatic.net%2F20190402_93%2F1554177494482cAKU5_JPEG%2Fzcrb4FjcRlhMM6eYqiu92dGL.jpg""']",4.59,115,14,"['', '', '', '', '', '', '', '', '', '', '', '', '', '', '', '', '', '', '', '', '', '', '', '', '', '', '', '', '', '']"
"카페,디저트","['""https://search.pstatic.net/common/?autoRotate=true&type=w560_sharpen&src=https%3A%2F%2Fldb-phinf.pstatic.net%2F20200329_136%2F1585452217535UXlf7_JPEG%2FZOE3vr6rJjAoZxjk_PvZHaRP.jpeg.jpg""', '""https://search.pstatic.net/common/?autoRotate=true&type=w278_sharpen&src=https%3A%2F%2Fldb-phinf.pstatic.net%2F20200519_278%2F1589887691131uOl3u_JPEG%2Fdh5VvtumuAqTZ-nMjRj0ejkv.jpeg.jpg""', '""https://search.pstatic.net/common/?autoRotate=true&type=w278_sharpen&src=https%3A%2F%2Fldb-phinf.pstatic.net%2F20200329_33%2F1585452246025CpNna_JPEG%2FrkO_sYuOMcNwBNS40Ri_BOnV.jpeg.jpg""']",4.38,39,7,"['', '', '', '', '', '', '', '', '', '', '', '', '', '', '', '', '', '', '', '', '', '', '', '', '', '', '', '', '', '']"
x,x,x,x,x,x
x,x,x,x,x,x
x,x,x,x,x,x
샌드위치,"['""https://search.pstatic.net/common/?autoRotate=true&type=w560_sharpen&src=https%3A%2F%2Fldb-phinf.pstatic.net%2F20200103_82%2F1578043664049aVIC6_JPEG%2FoSo1QnUl87teoesK_lCcVLN0.jpg""', '""https://search.pstatic.net/common/?autoRotate=true&type=w278_sharpen&src=https%3A%2F%2Fldb-phinf.pstatic.net%2F20200103_25%2F1578043665077PQ7DR_JPEG%2F0m0_I7X0TGHqVAadZ1R3VmM4.jpg""', '""https://search.pstatic.net/common/?autoRotate=true&type=w278_sharpen&src=https%3A%2F%2Fldb-phinf.pstatic.net%2F20200103_6%2F1578043664726AR8fO_JPEG%2FcTYKwHCP7FAHDjzvYyRb5XgF.jpg""']",4.34,553,27,"['', '', '', '', '', '', '', '', '', '', '', '', '', '', '', '', '', '', '', '', '', '', '', '', '', '', '', '', '', '']"
"카페,디저트","['""https://search.pstatic.net/common/?autoRotate=true&type=w560_sharpen&src=https%3A%2F%2Fldb-phinf.pstatic.net%2F20240227_197%2F1709015201892qqK3u_JPEG%2FScreenshot_20240224_141202_NAVER.jpg""', '""https://search.pstatic.net/common/?autoRotate=true&type=w278_sharpen&src=https%3A%2F%2Fldb-phinf.pstatic.net%2F20240227_187%2F1709015237744hjvxv_JPEG%2FScreenshot_20240224_141350_NAVER.jpg""', '""https://search.pstatic.net/common/?autoRotate=true&type=w278_sharpen&src=https%3A%2F%2Fldb-phinf.pstatic.net%2F20240117_1%2F1705473788826si1Qz_JPEG%2F20240117_144603.jpg""']",4.73,218,26,"['', '', '', '', '', '', '', '', '', '', '', '', '', '', '', '', '', '', '', '', '', '', '', '', '', '', '', '', '', '']"
x,x,x,x,x,x
"카페,디저트","['""https://search.pstatic.net/common/?autoRotate=true&type=w560_sharpen&src=https%3A%2F%2Fldb-phinf.pstatic.net%2F20210319_211%2F1616117946948NzKNJ_PNG%2Fi9Kmj0ePyRGD_T-hujkJcnmg.png""', '""https://search.pstatic.net/common/?autoRotate=true&type=w560_sharpen&src=https%3A%2F%2Fldb-phinf.pstatic.net%2F20210319_261%2F1616118002706XvOAJ_JPEG%2FWtR2iCJravHuzOpc9FP5TVau.jpeg.jpg""']",4.47,269,173,"['', '', '', '', '', '', '', '', '', '', '', '', '', '', '', '', '', '', '', '', '', '', '', '', '', '', '', '', '', '']"
x,x,x,x,x,x
베이커리,"['""https://search.pstatic.net/common/?autoRotate=true&type=w560_sharpen&src=https%3A%2F%2Fldb-phinf.pstatic.net%2F20230925_244%2F1695608659210M3FBc_JPEG%2Ftemp_file.jpg""', '""https://search.pstatic.net/common/?autoRotate=true&type=w278_sharpen&src=https%3A%2F%2Fldb-phinf.pstatic.net%2F20230925_59%2F16956086374872iYEs_JPEG%2Ftemp_file.jpg""', '""https://search.pstatic.net/common/?autoRotate=true&type=w278_sharpen&src=https%3A%2F%2Fldb-phinf.pstatic.net%2F20230925_168%2F16956086247870dv3e_JPEG%2Ftemp_file.jpg""']",x,56,17,"['', '', '', '', '', '', '', '', '', '', '', '', '', '', '', '', '', '', '', '', '', '', '', '', '', '', '', '', '', '']"
x,x,x,x,x,x
x,x,x,x,x,x
"카페,디저트","['""https://search.pstatic.net/common/?autoRotate=true&type=w560_sharpen&src=https%3A%2F%2Fldb-phinf.pstatic.net%2F20190401_38%2F1554125282379gWInm_JPEG%2FtQWubCIS-Ywy5Y5TyrTaXumt.jpg""', '""https://search.pstatic.net/common/?autoRotate=true&type=w278_sharpen&src=https%3A%2F%2Fldb-phinf.pstatic.net%2F20190417_199%2F15555123989393pHOn_JPEG%2FGVms1b8qPP_FwiHtpgV24j9l.jpg""', '""https://search.pstatic.net/common/?autoRotate=true&type=w278_sharpen&src=https%3A%2F%2Fldb-phinf.pstatic.net%2F20221227_64%2F1672141958820kOwCV_JPEG%2F1B73C676-87F6-42C3-8297-E7B17FF4FF67.jpeg""']",4.68,196,141,"['', '', '', '', '', '', '', '', '', '', '', '', '', '', '', '', '', '', '', '', '', '', '', '', '', '', '', '', '', '']"
x,x,x,x,x,x
차,"['""https://search.pstatic.net/common/?autoRotate=true&quality=95&type=w750&src=https%3A%2F%2Fldb-phinf.pstatic.net%2F20190322_298%2F1553260774432vdTX8_JPEG%2FBsnZQN00tFFKgOCZDlvliAAF.jpeg.jpg""']",x,630,9,"['', '', '', '', '', '', '', '', '', '', '', '', '', '', '', '', '', '', '', '', '', '', '', '', '', '', '', '', '', '']"
스마일찹쌀꽈배기,"['""https://search.pstatic.net/common/?autoRotate=true&quality=95&type=w750&src=https%3A%2F%2Fldb-phinf.pstatic.net%2F20230823_61%2F16928017840081U7Ir_JPEG%2FIMG_3644.jpeg""']",x,128,8,"['', '', '', '', '', '', '', '', '', '', '', '', '', '', '', '', '', '', '', '', '', '', '', '', '', '', '', '', '', '']"
x,x,x,x,x,x
종합분식,"['""https://search.pstatic.net/common/?autoRotate=true&type=w560_sharpen&src=https%3A%2F%2Fldb-phinf.pstatic.net%2F20220728_87%2F1659016503152LrLyj_JPEG%2F20220728_202312.jpg""', '""https://search.pstatic.net/common/?autoRotate=true&type=w278_sharpen&src=https%3A%2F%2Fldb-phinf.pstatic.net%2F20220728_90%2F16590164613358NBU2_JPEG%2F20220728_201023.jpg""', '""https://search.pstatic.net/common/?autoRotate=true&type=w278_sharpen&src=https%3A%2F%2Fldb-phinf.pstatic.net%2F20191001_211%2F1569909501484RuulQ_JPEG%2F1KFwngratGdtBjpCqaCZn1FL.JPG.jpg""']",4.22,826,36,"['', '', '', '', '', '', '', '', '', '', '', '', '', '', '', '', '', '', '', '', '', '', '', '', '', '', '', '', '', '']"
x,x,x,x,x,x
x,x,x,x,x,x
카페,"['""https://search.pstatic.net/common/?autoRotate=true&type=w560_sharpen&src=https%3A%2F%2Fldb-phinf.pstatic.net%2F20240201_101%2F1706745807775VpGe4_JPEG%2FSNS%25B1%25E2%25C5%25B8_%25B3%25D7%25C0%25CC%25B9%25F6%25C3%25A4%25B3%25CE_%25B5%25E5%25B8%25B5%25C5%25B7%25BF%25E4%25B0%25C5%25C6%25AE.jpg""', '""https://search.pstatic.net/common/?autoRotate=true&type=w560_sharpen&src=https%3A%2F%2Fldb-phinf.pstatic.net%2F20231221_241%2F1703118776404e9UGL_JPEG%2F%25B5%25FE%25B1%25E2_%25B3%25D7%25C0%25CC%25B9%25F6_%25BD%25BA%25B8%25B6%25C6%25AE%25C7%25C3%25B7%25B9%25C0%25CC%25BD%25BA.jpg""', '""https://search.pstatic.net/common/?autoRotate=true&type=w560_sharpen&src=https%3A%2F%2Fldb-phinf.pstatic.net%2F20230130_132%2F1675068602302YgoXp_JPEG%2FSNS%25B1%25E2%25C5%25B8_SNS_morebetter.jpg""']",4.53,443,4,"['', '', '', '', '', '', '', '', '', '', '', '', '', '', '', '', '', '', '', '', '', '', '', '', '', '', '', '', '', '']"
"키즈카페,실내놀이터","['""https://search.pstatic.net/common/?autoRotate=true&type=w560_sharpen&src=https%3A%2F%2Fldb-phinf.pstatic.net%2F20200611_143%2F1591850658108t5J5h_JPEG%2FmBVYr0J-kLlcj-AaiWOnBpwf.jpeg.jpg""', '""https://search.pstatic.net/common/?autoRotate=true&type=w278_sharpen&src=https%3A%2F%2Fldb-phinf.pstatic.net%2F20200611_143%2F1591850665077jMj4D_JPEG%2FmzMonRTl_Dbe1vULRF5iu0VS.jpeg.jpg""', '""https://search.pstatic.net/common/?autoRotate=true&type=w278_sharpen&src=https%3A%2F%2Fldb-phinf.pstatic.net%2F20200611_129%2F15918506722913N6Hs_JPEG%2FXStF0PJvN0vtmYBCPYBYefn9.jpeg.jpg""']",4.3,88,24,"['', '', '', '', '', '', '', '', '', '', '', '', '', '', '', '', '', '', '', '', '', '', '', '', '', '', '', '', '', '']"
x,x,x,x,x,x
x,x,x,x,x,x
"카페,디저트","['""https://search.pstatic.net/common/?autoRotate=true&type=w560_sharpen&src=https%3A%2F%2Fldb-phinf.pstatic.net%2F20211102_54%2F1635860904736HrJHn_JPEG%2FuFR3IsKVuSEvJc2z-nHm8My1.jpg""', '""https://search.pstatic.net/common/?autoRotate=true&type=w278_sharpen&src=https%3A%2F%2Fldb-phinf.pstatic.net%2F20221216_121%2F1671199200618VMWjo_JPEG%2F1671025351562-5.jpg""', '""https://search.pstatic.net/common/?autoRotate=true&type=w278_sharpen&src=https%3A%2F%2Fldb-phinf.pstatic.net%2F20231007_180%2F1696662946159odWb5_JPEG%2F1696564898424.jpg""']",4.56,1930,894,"['', '', '', '', '', '', '', '', '', '', '', '', '', '', '', '', '', '', '', '', '', '', '', '', '', '', '', '', '', '']"
x,x,x,x,x,x
"카페,디저트","['""https://search.pstatic.net/common/?autoRotate=true&type=w560_sharpen&src=https%3A%2F%2Fldb-phinf.pstatic.net%2F20220513_264%2F1652432071170lrSXG_JPEG%2F316AA0BD-7E9C-4767-B6D2-8552D0F8C330.jpeg""', '""https://search.pstatic.net/common/?autoRotate=true&type=w560_sharpen&src=https%3A%2F%2Fldb-phinf.pstatic.net%2F20220513_69%2F1652432071166B61BY_JPEG%2F90ABFB3F-12ED-4447-92BB-F0E931C36B5E.jpeg""', '""https://search.pstatic.net/common/?autoRotate=true&type=w560_sharpen&src=https%3A%2F%2Fldb-phinf.pstatic.net%2F20220513_270%2F1652432072878NuhBW_PNG%2F257E97A1-93E6-4746-BB09-C90EC83E3EDB.png""']",x,56,17,"['', '', '', '', '', '', '', '', '', '', '', '', '', '', '', '', '', '', '', '', '', '', '', '', '', '', '', '', '', '']"
x,x,x,x,x,x
x,x,x,x,x,x
x,x,x,x,x,x
"카페,디저트","['""https://search.pstatic.net/common/?autoRotate=true&type=w560_sharpen&src=https%3A%2F%2Fldb-phinf.pstatic.net%2F20230520_185%2F16845662495973pPMP_JPEG%2FDSC00028.jpg""', '""https://search.pstatic.net/common/?autoRotate=true&type=w278_sharpen&src=https%3A%2F%2Fldb-phinf.pstatic.net%2F20230520_24%2F1684566630908NVrXE_JPEG%2FDSC00057.jpg""', '""https://search.pstatic.net/common/?autoRotate=true&type=w278_sharpen&src=https%3A%2F%2Fldb-phinf.pstatic.net%2F20230520_253%2F1684566481926fGfFS_JPEG%2FDSC04746.jpg""']",x,99,88,"['', '', '', '', '', '', '', '', '', '', '', '', '', '', '', '', '', '', '', '', '', '', '', '', '', '', '', '', '', '']"
김밥,[],x,131,38,"['', '', '', '', '', '', '', '', '', '', '', '', '', '', '', '', '', '', '', '', '', '', '', '', '', '', '', '', '', '']"
차,"['""https://search.pstatic.net/common/?autoRotate=true&type=w560_sharpen&src=https%3A%2F%2Fldb-phinf.pstatic.net%2F20230324_55%2F1679632183150kGqQU_JPEG%2F%25B3%25D7%25C0%25CC%25B9%25F6%25C7%25C3%25B7%25B9%25C0%25CC%25BD%25BA_%25BD%25E6%25B3%25D7%25C0%25CF.jpg""', '""https://search.pstatic.net/common/?autoRotate=true&type=w278_sharpen&src=https%3A%2F%2Fldb-phinf.pstatic.net%2F20220518_101%2F1652832780882FicaX_PNG%2FKakaoTalk_20220307_153214108.png""', '""https://search.pstatic.net/common/?autoRotate=true&type=w278_sharpen&src=https%3A%2F%2Fldb-phinf.pstatic.net%2F20220518_87%2F165283278073097fw5_PNG%2FKakaoTalk_20220307_153211275.png""']",x,1376,21,"['', '', '', '', '', '', '', '', '', '', '', '', '', '', '', '', '', '', '', '', '', '', '', '', '', '', '', '', '', '']"
베이커리,"['""https://search.pstatic.net/common/?autoRotate=true&type=w560_sharpen&src=https%3A%2F%2Fldb-phinf.pstatic.net%2F20230912_278%2F1694494941810xSKRc_JPEG%2F1694494870126.jpg""', '""https://search.pstatic.net/common/?autoRotate=true&type=w278_sharpen&src=https%3A%2F%2Fldb-phinf.pstatic.net%2F20230922_132%2F1695354887508yq1i1_JPEG%2F1695347808488.jpg""', '""https://search.pstatic.net/common/?autoRotate=true&type=w278_sharpen&src=https%3A%2F%2Fldb-phinf.pstatic.net%2F20230922_287%2F1695354864108i3quK_JPEG%2F1695347810092.jpg""']",x,583,44,"['', '', '', '', '', '', '', '', '', '', '', '', '', '', '', '', '', '', '', '', '', '', '', '', '', '', '', '', '', '']"
"카페,디저트","['""https://search.pstatic.net/common/?autoRotate=true&type=w560_sharpen&src=https%3A%2F%2Fldb-phinf.pstatic.net%2F20231206_4%2F1701838989362RNw0b_JPEG%2F%25B1%25DB%25B7%25CE%25BD%25C3%25B8%25BB%25C2%25F7_%25B8%25C5%25C0%25E513.jpeg""', '""https://search.pstatic.net/common/?autoRotate=true&type=w278_sharpen&src=https%3A%2F%2Fldb-phinf.pstatic.net%2F20231206_33%2F1701837491248qkp6k_JPEG%2F%25B1%25DB%25B7%25CE%25BD%25C3%25B8%25BB%25C2%25F7_%25B8%25C5%25C0%25E54.""', '""https://search.pstatic.net/common/?autoRotate=true&type=w278_sharpen&src=https%3A%2F%2Fldb-phinf.pstatic.net%2F20231206_262%2F1701839112090n2KSx_JPEG%2F%25B1%25DB%25B7%25CE%25BD%25C3%25B8%25BB%25C2%25F7_%25B8%25C5%25C0%25E514.jpeg""']",x,968,90,"['', '', '', '', '', '', '', '', '', '', '', '', '', '', '', '', '', '', '', '', '', '', '', '', '', '', '', '', '', '']"
x,x,x,x,x,x
x,x,x,x,x,x
x,x,x,x,x,x
카페,"['""https://search.pstatic.net/common/?autoRotate=true&type=w560_sharpen&src=https%3A%2F%2Fldb-phinf.pstatic.net%2F20231005_176%2F1696484695511pD3Ig_JPEG%2F%25B9%25FD1.jpg""', '""https://search.pstatic.net/common/?autoRotate=true&type=w278_sharpen&src=https%3A%2F%2Fldb-phinf.pstatic.net%2F20231005_245%2F1696484681078qBHvH_JPEG%2F%25B9%25FD6.jpg""', '""https://search.pstatic.net/common/?autoRotate=true&type=w278_sharpen&src=https%3A%2F%2Fldb-phinf.pstatic.net%2F20231005_233%2F1696484675092CCUgn_JPEG%2F%25B9%25FD5.jpg""']",x,5,1,"['', '', '', '', '', '', '', '', '', '', '', '', '', '', '', '', '', '', '', '', '', '', '', '', '', '', '', '', '', '']"
"카페,디저트","['""https://search.pstatic.net/common/?autoRotate=true&type=w560_sharpen&src=https%3A%2F%2Fldb-phinf.pstatic.net%2F20240105_162%2F1704458588957YD3Di_PNG%2FIMG_3148.png""', '""https://search.pstatic.net/common/?autoRotate=true&type=w278_sharpen&src=https%3A%2F%2Fldb-phinf.pstatic.net%2F20231107_281%2F1699340238414yh1kd_JPEG%2Fimage.jpg""', '""https://search.pstatic.net/common/?autoRotate=true&type=w278_sharpen&src=https%3A%2F%2Fldb-phinf.pstatic.net%2F20231107_63%2F1699340206787Mop2j_JPEG%2Fimage.jpg""']",x,3,0,"['', '', '', '', '', '', '', '', '', '', '', '', '', '', '', '', '', '', '', '', '', '', '', '', '', '', '', '', '', '']"
x,x,x,x,x,x
x,x,x,x,x,x
카페,"['""https://search.pstatic.net/common/?autoRotate=true&type=w560_sharpen&src=https%3A%2F%2Fldb-phinf.pstatic.net%2F20190828_93%2F1566953601239OT9MQ_PNG%2FxX7Wv642gXMoTI0DAv0hRymS.png""', '""https://search.pstatic.net/common/?autoRotate=true&type=w560_sharpen&src=https%3A%2F%2Fldb-phinf.pstatic.net%2F20240102_185%2F17041419435961cvMA_JPEG%2F4120_20240101094233_cr0j1.jpg""']",x,149,48,"['', '', '', '', '', '', '', '', '', '', '', '', '', '', '', '', '', '', '', '', '', '', '', '', '', '', '', '', '', '']"
펜션,"['""https://search.pstatic.net/common/?autoRotate=true&type=w560_sharpen&src=https%3A%2F%2Fldb-phinf.pstatic.net%2F20231010_297%2F1696924379622tmDxI_JPEG%2FKakaoTalk_20231010_104335510_02.jpg""', '""https://search.pstatic.net/common/?autoRotate=true&type=w278_sharpen&src=https%3A%2F%2Fldb-phinf.pstatic.net%2F20230908_179%2F1694160706423aFnIS_JPEG%2F20230727_201202.jpg""', '""https://search.pstatic.net/common/?autoRotate=true&type=w278_sharpen&src=https%3A%2F%2Fldb-phinf.pstatic.net%2F20230908_164%2F1694161133427gA2D8_JPEG%2FKakaoTalk_20230908_171626758_05.jpg""']",x,6,129,"['', '', '', '', '', '', '', '', '', '', '', '', '', '', '', '', '', '', '', '', '', '', '', '', '', '', '', '', '', '']"
"카페,디저트","['""https://search.pstatic.net/common/?autoRotate=true&type=w560_sharpen&src=https%3A%2F%2Fldb-phinf.pstatic.net%2F20231217_284%2F17027901421002kCeO_JPEG%2F20231204_130709.jpg""', '""https://search.pstatic.net/common/?autoRotate=true&type=w278_sharpen&src=https%3A%2F%2Fldb-phinf.pstatic.net%2F20240213_236%2F1707793327774lUXuu_JPEG%2F1707626795220.jpg""', '""https://search.pstatic.net/common/?autoRotate=true&type=w278_sharpen&src=https%3A%2F%2Fldb-phinf.pstatic.net%2F20240213_209%2F1707793327781Yn0cv_JPEG%2F1707626789803.jpg""']",x,43,14,"['', '', '', '', '', '', '', '', '', '', '', '', '', '', '', '', '', '', '', '', '', '', '', '', '', '', '', '', '', '']"
x,x,x,x,x,x
"카페,디저트","['""https://search.pstatic.net/common/?autoRotate=true&type=w560_sharpen&src=https%3A%2F%2Fldb-phinf.pstatic.net%2F20230906_229%2F1693968872580OEdcM_JPEG%2FKakaoTalk_20230906_115125072.jpg""', '""https://search.pstatic.net/common/?autoRotate=true&type=w278_sharpen&src=https%3A%2F%2Fldb-phinf.pstatic.net%2F20230906_4%2F1693968870522VsXx0_JPEG%2FKakaoTalk_20230906_115122618.jpg""', '""https://search.pstatic.net/common/?autoRotate=true&type=w278_sharpen&src=https%3A%2F%2Fldb-phinf.pstatic.net%2F20240228_244%2F1709049699639Xnn2d_JPEG%2FKakaoTalk_20240228_005957388_09.jpg""']",x,84,11,"['', '', '', '', '', '', '', '', '', '', '', '', '', '', '', '', '', '', '', '', '', '', '', '', '', '', '', '', '', '']"
x,x,x,x,x,x
x,x,x,x,x,x
x,x,x,x,x,x
카페,"['""https://search.pstatic.net/common/?autoRotate=true&quality=95&type=w750&src=https%3A%2F%2Fldb-phinf.pstatic.net%2F20230906_184%2F16939586032244qBFb_JPEG%2F1.jpg""']",x,12,0,"['', '', '', '', '', '', '', '', '', '', '', '', '', '', '', '', '', '', '', '', '', '', '', '', '', '', '', '', '', '']"
x,x,x,x,x,x
한식,"['""https://search.pstatic.net/common/?autoRotate=true&quality=95&type=w750&src=https%3A%2F%2Fldb-phinf.pstatic.net%2F20230816_60%2F1692184848822R41Im_JPEG%2F%25C7%25D4%25B4%25F6%25B8%25C0%25C2%25F22_%25BA%25B9%25BB%25E7.jpg""']",x,12,0,"['', '', '', '', '', '', '', '', '', '']"
x,x,x,x,x,x
"카페,디저트","['""https://search.pstatic.net/common/?autoRotate=true&type=w560_sharpen&src=https%3A%2F%2Fldb-phinf.pstatic.net%2F20231013_10%2F1697142834770qy2yF_JPEG%2F1696766982060.jpg""', '""https://search.pstatic.net/common/?autoRotate=true&type=w278_sharpen&src=https%3A%2F%2Fldb-phinf.pstatic.net%2F20231013_97%2F1697142834766r85yB_JPEG%2F1696766981995.jpg""', '""https://search.pstatic.net/common/?autoRotate=true&type=w278_sharpen&src=https%3A%2F%2Fldb-phinf.pstatic.net%2F20231013_290%2F1697142834813zOcJK_JPEG%2F1696766981925.jpg""']",x,5,2,"['', '', '', '', '', '', '', '', '', '', '', '', '', '', '', '', '', '', '', '', '', '', '', '', '', '', '', '', '', '']"
"치킨,닭강정",[],x,18,0,"['', '', '', '', '', '', '', '', '', '', '', '', '', '', '', '', '', '', '', '', '', '', '', '', '', '', '', '', '', '']"
베이커리,"['""https://search.pstatic.net/common/?autoRotate=true&type=w560_sharpen&src=https%3A%2F%2Fldb-phinf.pstatic.net%2F20230802_23%2F1690972754203mLzvV_JPEG%2F1%25C0%25FC%25B0%25E62.jpg""', '""https://search.pstatic.net/common/?autoRotate=true&type=w278_sharpen&src=https%3A%2F%2Fldb-phinf.pstatic.net%2F20230802_71%2F1690972790167sufrh_JPEG%2F3%25C0%25FC%25B0%25E64.jpg""', '""https://search.pstatic.net/common/?autoRotate=true&type=w278_sharpen&src=https%3A%2F%2Fldb-phinf.pstatic.net%2F20230802_263%2F1690972819428IkTIK_JPEG%2F2%25C0%25FC%25B0%25E65.jpg""']",x,12,8,"['', '', '', '', '', '', '', '', '', '', '', '', '', '', '', '', '', '', '', '', '', '', '', '', '', '', '', '', '', '']"
x,x,x,x,x,x
카페,"['""https://search.pstatic.net/common/?autoRotate=true&type=w560_sharpen&src=https%3A%2F%2Fldb-phinf.pstatic.net%2F20230906_148%2F1693992953062S1qEO_JPEG%2F%25C1%25A6%25C1%25D6%25C2%25F72%25C1%25BE.jpg""', '""https://search.pstatic.net/common/?autoRotate=true&type=w278_sharpen&src=https%3A%2F%2Fldb-phinf.pstatic.net%2F20230906_267%2F1693992953676Fiizb_JPEG%2F%25C3%25CA%25B4%25E7%25BF%25C1%25BC%25F6%25BC%25F6%25B6%25F3%25B6%25BC.jpg""', '""https://search.pstatic.net/common/?autoRotate=true&type=w278_sharpen&src=https%3A%2F%2Fldb-phinf.pstatic.net%2F20230906_246%2F1693992972824Pv1en_JPEG%2F1.jpg""']",x,31,0,"['', '', '', '', '', '', '', '', '', '', '', '', '', '', '', '', '', '', '', '', '', '', '', '', '', '', '', '', '', '']"
x,x,x,x,x,x
x,x,x,x,x,x
"카페,디저트","['""https://search.pstatic.net/common/?autoRotate=true&type=w278_sharpen&src=https%3A%2F%2Fldb-phinf.pstatic.net%2F20231216_295%2F17026873972207GwVL_JPEG%2F%25C3%25A2%25B0%25A1.jpg""', '""https://search.pstatic.net/common/?autoRotate=true&type=w278_sharpen&src=https%3A%2F%2Fldb-phinf.pstatic.net%2F20231025_8%2F1698235812084zaaV1_JPEG%2F20231020_103944.jpg""']",x,118,1361,"['', '', '', '', '', '', '', '', '', '', '', '', '', '', '', '', '', '', '', '', '', '', '', '', '', '', '', '', '', '']"
x,x,x,x,x,x
"카페,디저트","['""https://search.pstatic.net/common/?autoRotate=true&type=w560_sharpen&src=https%3A%2F%2Fldb-phinf.pstatic.net%2F20230908_261%2F1694142095293FWmJ7_JPEG%2FIMG_0748.jpeg""', '""https://search.pstatic.net/common/?autoRotate=true&type=w560_sharpen&src=https%3A%2F%2Fldb-phinf.pstatic.net%2F20230908_86%2F1694142094563UXH92_PNG%2FIMG_0584.png""', '""https://search.pstatic.net/common/?autoRotate=true&type=w560_sharpen&src=https%3A%2F%2Fldb-phinf.pstatic.net%2F20230908_161%2F1694142095357iKxSU_JPEG%2FIMG_0823.jpeg""']",x,184,43,"['', '', '', '', '', '', '', '', '', '', '', '', '', '', '', '', '', '', '', '', '', '', '', '', '', '', '', '', '', '']"
x,x,x,x,x,x
푸드코트,"['""https://search.pstatic.net/common/?autoRotate=true&type=w560_sharpen&src=https%3A%2F%2Fldb-phinf.pstatic.net%2F20231002_182%2F169623076013794I7u_JPEG%2F1000007769.jpg""', '""https://search.pstatic.net/common/?autoRotate=true&type=w278_sharpen&src=https%3A%2F%2Fldb-phinf.pstatic.net%2F20231002_80%2F1696230759044Fgex3_JPEG%2F1000007771.jpg""', '""https://search.pstatic.net/common/?autoRotate=true&type=w278_sharpen&src=https%3A%2F%2Fldb-phinf.pstatic.net%2F20231002_271%2F16962307580264d2N9_JPEG%2F1000007772.jpg""']",x,184,43,"['', '', '', '', '', '', '', '', '', '']"
"카페,디저트","['""https://search.pstatic.net/common/?autoRotate=true&type=w560_sharpen&src=https%3A%2F%2Fldb-phinf.pstatic.net%2F20231103_28%2F1698971706669tLOuG_JPEG%2F1698970651951.jpg""', '""https://search.pstatic.net/common/?autoRotate=true&type=w278_sharpen&src=https%3A%2F%2Fldb-phinf.pstatic.net%2F20240125_68%2F1706164970719K1gVI_JPEG%2F1000006683.jpg""', '""https://search.pstatic.net/common/?autoRotate=true&type=w278_sharpen&src=https%3A%2F%2Fldb-phinf.pstatic.net%2F20240223_236%2F17086702240365Ab5B_JPEG%2F1000007255.jpg""']",x,31,8,"['', '', '', '', '', '', '', '', '', '', '', '', '', '', '', '', '', '', '', '', '', '', '', '', '', '', '', '', '', '']"
"초밥,롤","['""https://search.pstatic.net/common/?autoRotate=true&type=w560_sharpen&src=https%3A%2F%2Fldb-phinf.pstatic.net%2F20231130_49%2F1701312434748Asi4T_JPEG%2F%2528%25BD%25C5%2529%25C1%25A4%25C1%25F7%25C0%25AF%25BA%25CE_%25B7%25CE%25B0%25ED111-01.jpg""', '""https://search.pstatic.net/common/?autoRotate=true&type=w278_sharpen&src=https%3A%2F%2Fldb-phinf.pstatic.net%2F20211112_277%2F1636707968358KDAKp_JPEG%2FSNS_%25C3%25CA%25B1%25E2%25BC%25BC%25C6%25C3_%25BB%25E7%25C1%25F8_%25C0%25FC%25B4%25DE.jpg""', '""https://search.pstatic.net/common/?autoRotate=true&type=w278_sharpen&src=https%3A%2F%2Fldb-phinf.pstatic.net%2F20211112_180%2F1636707971994xYwcK_JPEG%2FSNS_%25C3%25CA%25B1%25E2%25BC%25BC%25C6%25C3_%25BB%25E7%25C1%25F8_%25C0%25FC%25B4%25DE11.jpg""']",x,240,6,"['', '', '', '', '', '', '', '', '', '', '', '', '', '', '', '', '', '', '', '', '', '', '', '', '', '', '', '', '', '']"
"카페,디저트","['""https://search.pstatic.net/common/?autoRotate=true&quality=95&type=w750&src=https%3A%2F%2Fldb-phinf.pstatic.net%2F20230903_100%2F1693738444452UBKin_JPEG%2F003.jpg""']",x,240,6,"['', '', '', '', '', '', '', '', '', '']"
x,x,x,x,x,x
"카페,디저트","['""https://search.pstatic.net/common/?autoRotate=true&quality=95&type=w750&src=https%3A%2F%2Fldb-phinf.pstatic.net%2F20230815_131%2F1692108250239PmcBA_PNG%2F%25BF%25D5%25B0%25A1%25C5%25C1%25C8%25C4%25B7%25E7.""']",x,42,7,"['', '', '', '', '', '', '', '', '', '', '', '', '', '', '', '', '', '', '', '', '', '', '', '', '', '', '', '', '', '']"
"카페,디저트","['""https://search.pstatic.net/common/?autoRotate=true&type=w560_sharpen&src=https%3A%2F%2Fldb-phinf.pstatic.net%2F20230730_256%2F1690700992203cIX6B_JPEG%2FIMG_3093.jpeg""', '""https://search.pstatic.net/common/?autoRotate=true&type=w278_sharpen&src=https%3A%2F%2Fldb-phinf.pstatic.net%2F20230730_72%2F1690700992378cCPRW_JPEG%2FIMG_3091.jpeg""', '""https://search.pstatic.net/common/?autoRotate=true&type=w278_sharpen&src=https%3A%2F%2Fldb-phinf.pstatic.net%2F20230802_229%2F1690950507507bgGAw_JPEG%2FIMG_3130.jpeg""']",x,226,335,"['', '', '', '', '', '', '', '', '', '', '', '', '', '', '', '', '', '', '', '', '', '', '', '', '', '', '', '', '', '']"
x,x,x,x,x,x
"카페,디저트","['""https://search.pstatic.net/common/?autoRotate=true&type=w560_sharpen&src=https%3A%2F%2Fldb-phinf.pstatic.net%2F20231130_213%2F1701325542844Xy3Bt_JPEG%2FKakaoTalk_20231130_152458610.jpg""', '""https://search.pstatic.net/common/?autoRotate=true&type=w278_sharpen&src=https%3A%2F%2Fldb-phinf.pstatic.net%2F20231130_83%2F1701325530207noIco_JPEG%2F%25C4%25BF%25C7%25C7%25BE%25D8%25B5%25CE_%25C8%25B8%25BB%25E7%25BC%25D2%25B0%25B3_%25BC%25AD%25BA%25EA%25C6%25E4%25C0%25CC%25C1%25F6_%25B9%25E8%25B0%25E6_%25C0%25CC%25B9%25CC%25C1%25F6.jpg""', '""https://search.pstatic.net/common/?autoRotate=true&type=w278_sharpen&src=https%3A%2F%2Fldb-phinf.pstatic.net%2F20231130_225%2F170132557715189i12_PNG%2FKakaoTalk_20231127_113545503.png""']",x,29,10,"['', '', '', '', '', '', '', '', '', '', '', '', '', '', '', '', '', '', '', '', '', '', '', '', '', '', '', '', '', '']"
x,x,x,x,x,x
차,"['""https://search.pstatic.net/common/?autoRotate=true&type=w560_sharpen&src=https%3A%2F%2Fldb-phinf.pstatic.net%2F20240215_188%2F1707924070751EaoHw_GIF%2F%25B3%25EC%25C2%25F7%25C7%25AA%25B5%25F9.g""', '""https://search.pstatic.net/common/?autoRotate=true&type=w278_sharpen&src=https%3A%2F%2Fldb-phinf.pstatic.net%2F20240215_249%2F1707924073354SV4s3_GIF%2F%25BF%25C1%25BC%25F6%25BC%25F6.g""', '""https://search.pstatic.net/common/?autoRotate=true&type=w278_sharpen&src=https%3A%2F%2Fldb-phinf.pstatic.net%2F20240215_80%2F1707924067214QyLzM_GIF%2Fezgif.com-animated-gif-maker.g""']",x,290,82,"['', '', '', '', '', '', '', '', '', '', '', '', '', '', '', '', '', '', '', '', '', '', '', '', '', '', '', '', '', '']"
"키즈카페,실내놀이터","['""https://search.pstatic.net/common/?autoRotate=true&type=w560_sharpen&src=https%3A%2F%2Fldb-phinf.pstatic.net%2F20240303_149%2F1709451865309siMvK_PNG%2F20240301_114735_0000.png""', '""https://search.pstatic.net/common/?autoRotate=true&type=w278_sharpen&src=https%3A%2F%2Fldb-phinf.pstatic.net%2F20240211_218%2F1707645201446ig77f_JPEG%2FScreenshot_20240211_184849_Instagram.jpg""', '""https://search.pstatic.net/common/?autoRotate=true&type=w278_sharpen&src=https%3A%2F%2Fldb-phinf.pstatic.net%2F20240206_53%2F1707180397212Lp52j_JPEG%2F1000014361.jpg""']",x,137,18,"['', '', '', '', '', '', '', '', '', '', '', '', '', '', '', '', '', '', '', '', '', '', '', '', '', '', '', '', '', '']"
"카페,디저트","['""https://search.pstatic.net/common/?autoRotate=true&type=w560_sharpen&src=https%3A%2F%2Fldb-phinf.pstatic.net%2F20231204_288%2F1701618607784j9Vdv_JPEG%2F%25B4%25EB%25C7%25A5%25BB%25E7%25C1%25F84.jpg""', '""https://search.pstatic.net/common/?autoRotate=true&type=w278_sharpen&src=https%3A%2F%2Fldb-phinf.pstatic.net%2F20231204_297%2F1701618283304ccIuz_JPEG%2F%25B4%25EB%25C7%25A5%25BB%25E7%25C1%25F81.jpg""', '""https://search.pstatic.net/common/?autoRotate=true&type=w278_sharpen&src=https%3A%2F%2Fldb-phinf.pstatic.net%2F20231204_8%2F1701618288542ywUwX_JPEG%2F%25B4%25EB%25C7%25A5%25BB%25E7%25C1%25F82.jpg""']",x,10,0,"['', '', '', '', '', '', '', '', '', '', '', '', '', '', '', '', '', '', '', '', '', '', '', '', '', '', '', '', '', '']"
케이크전문,"['""https://search.pstatic.net/common/?autoRotate=true&type=w560_sharpen&src=https%3A%2F%2Fldb-phinf.pstatic.net%2F20240304_209%2F1709563030628GYzHt_JPEG%2F1709562763957-2.jpg""', '""https://search.pstatic.net/common/?autoRotate=true&type=w560_sharpen&src=https%3A%2F%2Fldb-phinf.pstatic.net%2F20231219_261%2F1702996307035lqgaH_JPEG%2F20231219_233117.jpg""', '""https://search.pstatic.net/common/?autoRotate=true&type=w278_sharpen&src=https%3A%2F%2Fldb-phinf.pstatic.net%2F20231219_151%2F1702996310305Ubngg_JPEG%2F20231219_233129.jpg""']",x,20,0,"['', '', '', '', '', '', '', '', '', '', '', '', '', '', '', '', '', '', '', '', '', '', '', '', '', '', '', '', '', '']"
"카페,디저트","['""https://search.pstatic.net/common/?autoRotate=true&type=w560_sharpen&src=https%3A%2F%2Fldb-phinf.pstatic.net%2F20230807_181%2F1691414918604TeLH8_JPEG%2FKakaoTalk_20230807_190501243.jpg""', '""https://search.pstatic.net/common/?autoRotate=true&type=w278_sharpen&src=https%3A%2F%2Fldb-phinf.pstatic.net%2F20230807_296%2F1691414918758wpHQc_JPEG%2FKakaoTalk_20230807_190501243_01.jpg""', '""https://search.pstatic.net/common/?autoRotate=true&type=w278_sharpen&src=https%3A%2F%2Fldb-phinf.pstatic.net%2F20230804_298%2F16911178949111yzMa_JPEG%2FKakaoTalk_20230731_184929066_01.jpg""']",x,319,131,"['', '', '', '', '', '', '', '', '', '', '', '', '', '', '', '', '', '', '', '', '', '', '', '', '', '', '', '', '', '']"
x,x,x,x,x,x
카페,"['""https://search.pstatic.net/common/?autoRotate=true&type=w560_sharpen&src=https%3A%2F%2Fldb-phinf.pstatic.net%2F20230904_93%2F1693754166379CmPcy_JPEG%2F59DDBEDF-2C8B-4FFE-A67C-38A979B6B563.jpeg""', '""https://search.pstatic.net/common/?autoRotate=true&type=w560_sharpen&src=https%3A%2F%2Fldb-phinf.pstatic.net%2F20230904_194%2F1693754166385rBXg0_JPEG%2F2C794162-002E-489F-A5C6-20B1CDB797D1.jpeg""', '""https://search.pstatic.net/common/?autoRotate=true&type=w560_sharpen&src=https%3A%2F%2Fldb-phinf.pstatic.net%2F20230904_213%2F1693754166267D4yoh_JPEG%2FD830B08D-23ED-4C51-B0B8-DEE89F8BF126.jpeg""']",x,14,2,"['', '', '', '', '', '', '', '', '', '', '', '', '', '', '', '', '', '', '', '', '', '', '', '', '', '', '', '', '', '']"
"카페,디저트","['""https://search.pstatic.net/common/?autoRotate=true&type=w560_sharpen&src=https%3A%2F%2Fldb-phinf.pstatic.net%2F20230811_12%2F16917344387772Pjbo_JPEG%2Fimg_20230808_152604.jpg""', '""https://search.pstatic.net/common/?autoRotate=true&type=w560_sharpen&src=https%3A%2F%2Fnaverbooking-phinf.pstatic.net%2F20230811_118%2F16917359816019nPOn_JPEG%2Fimage.jpg""']",4.53,96,5,"['', '', '', '', '', '', '', '', '', '', '', '', '', '', '', '', '', '', '', '', '', '', '', '', '', '', '', '', '', '']"
x,x,x,x,x,x
브런치카페,"['""https://search.pstatic.net/common/?autoRotate=true&type=w560_sharpen&src=https%3A%2F%2Fldb-phinf.pstatic.net%2F20230811_180%2F16917345387790IBih_JPEG%2F20230811_112247.jpg""', '""https://search.pstatic.net/common/?autoRotate=true&type=w278_sharpen&src=https%3A%2F%2Fldb-phinf.pstatic.net%2F20231029_246%2F16985628754664SuVF_JPEG%2F1000004743.jpg""', '""https://search.pstatic.net/common/?autoRotate=true&type=w278_sharpen&src=https%3A%2F%2Fldb-phinf.pstatic.net%2F20231029_42%2F1698562873268dSw33_JPEG%2F1000004740.jpg""']",x,2,1,"['', '', '', '', '', '', '', '', '', '', '', '', '', '', '', '', '', '', '', '', '', '', '', '', '', '', '', '', '', '']"
x,x,x,x,x,x
"카페,디저트","['""https://search.pstatic.net/common/?autoRotate=true&type=w560_sharpen&src=https%3A%2F%2Fldb-phinf.pstatic.net%2F20230803_163%2F1691052668684yAWfT_JPEG%2F1691049800931.jpg""', '""https://search.pstatic.net/common/?autoRotate=true&type=w278_sharpen&src=https%3A%2F%2Fldb-phinf.pstatic.net%2F20230803_44%2F1691052663451Tz0nw_JPEG%2F1691049807967.jpg""', '""https://search.pstatic.net/common/?autoRotate=true&type=w278_sharpen&src=https%3A%2F%2Fldb-phinf.pstatic.net%2F20230803_153%2F1691052657845ckznM_JPEG%2F1691049808224.jpg""']",x,67,7,"['', '', '', '', '', '', '', '', '', '', '', '', '', '', '', '', '', '', '', '', '', '', '', '', '', '', '', '', '', '']"
x,x,x,x,x,x
x,x,x,x,x,x
x,x,x,x,x,x
양식,"['""https://search.pstatic.net/common/?autoRotate=true&type=w560_sharpen&src=https%3A%2F%2Fldb-phinf.pstatic.net%2F20231029_127%2F16985784077008P9Pl_JPEG%2F20230928_093508.jpg""', '""https://search.pstatic.net/common/?autoRotate=true&type=w278_sharpen&src=https%3A%2F%2Fldb-phinf.pstatic.net%2F20231029_189%2F1698578408332hvuqd_JPEG%2F20230919_130834.jpg""', '""https://search.pstatic.net/common/?autoRotate=true&type=w278_sharpen&src=https%3A%2F%2Fldb-phinf.pstatic.net%2F20231029_10%2F1698578408501Vj2IJ_JPEG%2F20230810_190357.jpg""']",x,4,17,"['', '', '', '', '', '', '', '', '', '', '', '', '', '', '', '', '', '', '', '', '', '', '', '', '', '', '', '', '', '']"
"카페,디저트","['""https://search.pstatic.net/common/?autoRotate=true&quality=95&type=w750&src=https%3A%2F%2Fldb-phinf.pstatic.net%2F20230821_217%2F1692606653876jdLW7_JPEG%2FIMG_2684.jpeg""']",x,2,1,"['', '', '', '', '', '', '', '', '', '', '', '', '', '', '', '', '', '', '', '', '', '', '', '', '', '', '', '', '', '']"
x,x,x,x,x,x
x,x,x,x,x,x
x,x,x,x,x,x
x,x,x,x,x,x
종합도소매,"['""https://search.pstatic.net/common/?autoRotate=true&type=w560_sharpen&src=https%3A%2F%2Fldb-phinf.pstatic.net%2F20240201_253%2F1706758514993KgmSu_PNG%2F%25A4%25B1%25A4%25B7%25A4%25A4.png""', '""https://search.pstatic.net/common/?autoRotate=true&type=w278_sharpen&src=https%3A%2F%2Fldb-phinf.pstatic.net%2F20240201_69%2F1706758595365X72TR_PNG%2F1%25B1%25B8%25C2%25A5%25B8%25AE.png""', '""https://search.pstatic.net/common/?autoRotate=true&type=w278_sharpen&src=https%3A%2F%2Fldb-phinf.pstatic.net%2F20240201_40%2F1706758620290A4JfQ_PNG%2FKakaoTalk_Photo_2024-01-09-13-58-46.png""']",x,7,0,"['', '', '', '', '', '', '', '', '', '']"
x,x,x,x,x,x
x,x,x,x,x,x
x,x,x,x,x,x
x,x,x,x,x,x
"카페,디저트","['""https://search.pstatic.net/common/?autoRotate=true&type=w560_sharpen&src=https%3A%2F%2Fldb-phinf.pstatic.net%2F20231202_282%2F1701506935382f1F5s_JPEG%2FIMG_2484.jpeg""', '""https://search.pstatic.net/common/?autoRotate=true&type=w278_sharpen&src=https%3A%2F%2Fldb-phinf.pstatic.net%2F20231202_121%2F1701506935317QYTwl_JPEG%2FIMG_2482.jpeg""', '""https://search.pstatic.net/common/?autoRotate=true&type=w278_sharpen&src=https%3A%2F%2Fldb-phinf.pstatic.net%2F20231202_254%2F1701506934554kyBdM_JPEG%2FIMG_2478.jpeg""']",x,698,797,"['', '', '', '', '', '', '', '', '', '', '', '', '', '', '', '', '', '', '', '', '', '', '', '', '', '', '', '', '', '']"
테이크아웃커피,[],x,30,1,"['', '', '', '', '', '', '', '', '', '', '', '', '', '', '', '', '', '', '', '', '', '', '', '', '', '', '', '', '', '']"
"카페,디저트","['""https://search.pstatic.net/common/?autoRotate=true&type=w560_sharpen&src=https%3A%2F%2Fldb-phinf.pstatic.net%2F20230810_66%2F16916599296130rHkT_JPEG%2F9470C5B7-EEAE-4ADD-9FC2-7D57C1B52F02.jpeg""', '""https://search.pstatic.net/common/?autoRotate=true&type=w278_sharpen&src=https%3A%2F%2Fldb-phinf.pstatic.net%2F20230922_296%2F1695351292609nWp10_JPEG%2FEEA8D1C0-78EB-4B55-92B0-558658E76F6E.jpeg""', '""https://search.pstatic.net/common/?autoRotate=true&type=w278_sharpen&src=https%3A%2F%2Fldb-phinf.pstatic.net%2F20230927_228%2F16958045838763HI6j_JPEG%2FD0F13E1C-316F-4346-B692-9F4D75A3C3D1.jpeg""']",x,43,17,"['', '', '', '', '', '', '', '', '', '', '', '', '', '', '', '', '', '', '', '', '', '', '', '', '', '', '', '', '', '']"
"카페,디저트","['""https://search.pstatic.net/common/?autoRotate=true&quality=95&type=w750&src=https%3A%2F%2Fldb-phinf.pstatic.net%2F20230822_277%2F1692684657495f2LgN_JPEG%2F_2E0A8013_3.jpg""']",x,43,17,"['', '', '', '', '', '', '', '', '', '']"
x,x,x,x,x,x
x,x,x,x,x,x
x,x,x,x,x,x
x,x,x,x,x,x
"카페,디저트","['""https://search.pstatic.net/common/?autoRotate=true&type=w560_sharpen&src=https%3A%2F%2Fldb-phinf.pstatic.net%2F20231030_181%2F1698637521283fHKF6_JPEG%2FIMG_9315.jpeg""', '""https://search.pstatic.net/common/?autoRotate=true&type=w278_sharpen&src=https%3A%2F%2Fldb-phinf.pstatic.net%2F20230925_90%2F1695625712157W3ixo_JPEG%2FIMG_7634.jpeg""', '""https://search.pstatic.net/common/?autoRotate=true&type=w278_sharpen&src=https%3A%2F%2Fldb-phinf.pstatic.net%2F20230928_213%2F1695881849708lEWYh_JPEG%2FIMG_7992.jpeg""']",x,47,12,"['', '', '', '', '', '', '', '', '', '', '', '', '', '', '', '', '', '', '', '', '', '', '', '', '', '', '', '', '', '']"
x,x,x,x,x,x
x,x,x,x,x,x
종합분식,"['""https://search.pstatic.net/common/?autoRotate=true&quality=95&type=w750&src=https%3A%2F%2Fldb-phinf.pstatic.net%2F20230903_13%2F1693702035531UVCLH_JPEG%2FKakaoTalk_20230825_143241648_03.jpg""']",x,22,4,"['', '', '', '', '', '', '', '', '', '', '', '', '', '', '', '', '', '', '', '', '', '', '', '', '', '', '', '', '', '']"
"카페,디저트",[],x,18,0,"['', '', '', '', '', '', '', '', '', '', '', '', '', '', '', '', '', '', '', '', '', '', '', '', '', '', '', '', '', '']"
x,x,x,x,x,x
"카페,디저트",[],x,24,14,"['', '', '', '', '', '', '', '', '', '', '', '', '', '', '', '', '', '', '', '', '', '', '', '', '', '', '', '', '', '']"
x,x,x,x,x,x
x,x,x,x,x,x
x,x,x,x,x,x
x,x,x,x,x,x
x,x,x,x,x,x
x,x,x,x,x,x
x,x,x,x,x,x
x,x,x,x,x,x
"카페,디저트","['""https://search.pstatic.net/common/?autoRotate=true&type=w560_sharpen&src=https%3A%2F%2Fldb-phinf.pstatic.net%2F20230905_215%2F16938904534862M39M_PNG%2F14.png""', '""https://search.pstatic.net/common/?autoRotate=true&type=w278_sharpen&src=https%3A%2F%2Fldb-phinf.pstatic.net%2F20230905_100%2F1693890454209t688L_PNG%2F13.png""', '""https://search.pstatic.net/common/?autoRotate=true&type=w278_sharpen&src=https%3A%2F%2Fldb-phinf.pstatic.net%2F20230905_94%2F1693890453950ayo71_PNG%2F10.png""']",x,77,163,"['', '', '', '', '', '', '', '', '', '', '', '', '', '', '', '', '', '', '', '', '', '', '', '', '', '', '', '', '', '']"
x,x,x,x,x,x
x,x,x,x,x,x
"카페,디저트","['""https://search.pstatic.net/common/?autoRotate=true&type=w560_sharpen&src=https%3A%2F%2Fldb-phinf.pstatic.net%2F20230913_83%2F1694582681092hgzc1_JPEG%2F1000000821.jpg""', '""https://search.pstatic.net/common/?autoRotate=true&type=w278_sharpen&src=https%3A%2F%2Fldb-phinf.pstatic.net%2F20230913_167%2F1694582660465JmM3z_JPEG%2F1000000827.jpg""', '""https://search.pstatic.net/common/?autoRotate=true&type=w278_sharpen&src=https%3A%2F%2Fldb-phinf.pstatic.net%2F20230913_47%2F1694582649859FowIe_JPEG%2F1000000828.jpg""']",x,6,3,"['', '', '', '', '', '', '', '', '', '', '', '', '', '', '', '', '', '', '', '', '', '', '', '', '', '', '', '', '', '']"
x,x,x,x,x,x
x,x,x,x,x,x
x,x,x,x,x,x
"카페,디저트","['""https://search.pstatic.net/common/?autoRotate=true&type=w560_sharpen&src=https%3A%2F%2Fldb-phinf.pstatic.net%2F20230312_23%2F1678611871677A91A3_JPEG%2F1678611804898-0.jpg""', '""https://search.pstatic.net/common/?autoRotate=true&type=w560_sharpen&src=https%3A%2F%2Fldb-phinf.pstatic.net%2F20230312_90%2F1678611877898iHPmA_JPEG%2F1678611804898-2.jpg""', '""https://search.pstatic.net/common/?autoRotate=true&type=w278_sharpen&src=https%3A%2F%2Fldb-phinf.pstatic.net%2F20230312_253%2F1678611884249MNIDR_JPEG%2F1678611804898-1.jpg""']",x,351,41,"['', '', '', '', '', '', '', '', '', '', '', '', '', '', '', '', '', '', '', '', '', '', '', '', '', '', '', '', '', '']"
"카페,디저트","['""https://search.pstatic.net/common/?autoRotate=true&type=w560_sharpen&src=https%3A%2F%2Fldb-phinf.pstatic.net%2F20190516_298%2F1557996538814mzrmu_JPEG%2FafJ0ReUBPMMDbRXHu6-_bGP_.jpeg.jpg""', '""https://search.pstatic.net/common/?autoRotate=true&type=w560_sharpen&src=https%3A%2F%2Fldb-phinf.pstatic.net%2F20190516_71%2F1557996545044EwxNv_JPEG%2FvyVmp5RdPk7D91xWNFM9pi7Z.jpeg.jpg""']",4.43,240,406,"['', '', '', '', '', '', '', '', '', '', '', '', '', '', '', '', '', '', '', '', '', '', '', '', '', '', '', '', '', '']"
x,x,x,x,x,x
x,x,x,x,x,x
x,x,x,x,x,x
x,x,x,x,x,x
"칼국수,만두","['""https://search.pstatic.net/common/?autoRotate=true&type=w560_sharpen&src=https%3A%2F%2Fldb-phinf.pstatic.net%2F20190129_211%2F154873275140099i9o_JPEG%2FksxulD_rDMHOmZ5Ru-AcyFVu.jpg""', '""https://search.pstatic.net/common/?autoRotate=true&type=w278_sharpen&src=https%3A%2F%2Fldb-phinf.pstatic.net%2F20190129_239%2F1548732991190IHTwj_JPEG%2FvQTgCV64iPolSbWr02ZBED21.jpg""', '""https://search.pstatic.net/common/?autoRotate=true&type=w278_sharpen&src=https%3A%2F%2Fldb-phinf.pstatic.net%2F20190531_76%2F1559294923197O31Id_JPEG%2FJ3M1cK-deeuaOjmHkhab8-BG.jpg""']",4.06,34,76,"['', '', '', '', '', '', '', '', '', '', '', '', '', '', '', '', '', '', '', '', '', '', '', '', '', '', '', '', '', '']"
x,x,x,x,x,x
"해물,생선요리","['""https://search.pstatic.net/common/?autoRotate=true&type=w560_sharpen&src=https%3A%2F%2Fldb-phinf.pstatic.net%2F20190428_268%2F1556416870680L1AcX_JPEG%2Fr59AcrXIF-7UVEo23INQR94e.jpg""', '""https://search.pstatic.net/common/?autoRotate=true&type=w278_sharpen&src=https%3A%2F%2Fldb-phinf.pstatic.net%2F20190428_149%2F1556416894399ioSad_JPEG%2Fe3p-DOSa_Dhdd4JBHod3NqT0.jpg""', '""https://search.pstatic.net/common/?autoRotate=true&type=w278_sharpen&src=https%3A%2F%2Fldb-phinf.pstatic.net%2F20190508_138%2F1557303691789g4SFi_JPEG%2Ff9UQNZVKfCksgNhK3BGtzrij.jpg""']",4.71,3152,399,"['', '', '', '', '', '', '', '', '', '', '', '', '', '', '', '', '', '', '', '', '', '', '', '', '', '', '', '', '', '']"
x,x,x,x,x,x
차,"['""https://search.pstatic.net/common/?autoRotate=true&type=w560_sharpen&src=https%3A%2F%2Fldb-phinf.pstatic.net%2F20210104_119%2F1609688765871Ey5Kh_JPEG%2FBVppEI9wIloxQ1lQEalIBSLh.jpg""', '""https://search.pstatic.net/common/?autoRotate=true&type=w278_sharpen&src=https%3A%2F%2Fldb-phinf.pstatic.net%2F20210104_87%2F1609688757633XKxT9_JPEG%2F2qUu7T_uWdVFQfYXx582YU29.jpg""', '""https://search.pstatic.net/common/?autoRotate=true&type=w278_sharpen&src=https%3A%2F%2Fldb-phinf.pstatic.net%2F20210104_121%2F1609688762408uPRRw_JPEG%2FTz-306QP-9bsNAkg9Q8L3T1X.jpg""']",4.51,512,13,"['', '', '', '', '', '', '', '', '', '', '', '', '', '', '', '', '', '', '', '', '', '', '', '', '', '', '', '', '', '']"
x,x,x,x,x,x
빙수,"['""https://search.pstatic.net/common/?autoRotate=true&type=w560_sharpen&src=https%3A%2F%2Fldb-phinf.pstatic.net%2F20190404_173%2F15543451930475bTxe_JPEG%2F6K88zaEVgQrfCORgELSYJ5N7.jpg""', '""https://search.pstatic.net/common/?autoRotate=true&type=w278_sharpen&src=https%3A%2F%2Fldb-phinf.pstatic.net%2F20190404_103%2F1554345201395FHuaz_JPEG%2F-9jNHDQJq-iabxL8UN8FliFH.jpg""', '""https://search.pstatic.net/common/?autoRotate=true&type=w278_sharpen&src=https%3A%2F%2Fldb-phinf.pstatic.net%2F20190404_95%2F1554345209550GQ339_JPEG%2FfUGHMCvLNVmXM2ID7bLvC_2Y.jpg""']",4.51,133,14,"['', '', '', '', '', '', '', '', '', '', '', '', '', '', '', '', '', '', '', '', '', '', '', '', '', '', '', '', '', '']"
x,x,x,x,x,x
x,x,x,x,x,x
종합분식,[],x,75,4,"['', '', '', '', '', '', '', '', '', '', '', '', '', '', '', '', '', '', '', '', '', '', '', '', '', '', '', '', '', '']"
x,x,x,x,x,x
x,x,x,x,x,x
x,x,x,x,x,x
카페,[],x,554,27,"['', '', '', '', '', '', '', '', '', '', '', '', '', '', '', '', '', '', '', '', '', '', '', '', '', '', '', '', '', '']"
x,x,x,x,x,x
종합분식,[],4.23,102,2,"['', '', '', '', '', '', '', '', '', '', '', '', '', '', '', '', '', '', '', '', '', '', '', '', '', '', '', '', '', '']"
x,x,x,x,x,x
국수,"['""https://search.pstatic.net/common/?autoRotate=true&quality=95&type=w750&src=https%3A%2F%2Fldb-phinf.pstatic.net%2F20220107_15%2F1641516970547xKxsP_JPEG%2F99.jpg""']",x,4517,36,"['', '', '', '', '', '', '', '', '', '', '', '', '', '', '', '', '', '', '', '', '', '', '', '', '', '', '', '', '', '']"
종합분식,"['""https://search.pstatic.net/common/?autoRotate=true&type=w560_sharpen&src=https%3A%2F%2Fldb-phinf.pstatic.net%2F20230106_9%2F1673006395947Lvqqw_JPEG%2FCYMERA_20220730_153703.jpg""', '""https://search.pstatic.net/common/?autoRotate=true&type=w278_sharpen&src=https%3A%2F%2Fldb-phinf.pstatic.net%2F20230106_184%2F1673006376071NbE7t_JPEG%2FCYMERA_20220730_155055.jpg""', '""https://search.pstatic.net/common/?autoRotate=true&type=w278_sharpen&src=https%3A%2F%2Fldb-phinf.pstatic.net%2F20230106_81%2F1673006270185tq7NN_JPEG%2F20220413_151522.jpg""']",4.53,67,8,"['', '', '', '', '', '', '', '', '', '', '', '', '', '', '', '', '', '', '', '', '', '', '', '', '', '', '', '', '', '']"
x,x,x,x,x,x
x,x,x,x,x,x
x,x,x,x,x,x
x,x,x,x,x,x
x,x,x,x,x,x
x,x,x,x,x,x
햄버거,"['""https://search.pstatic.net/common/?autoRotate=true&quality=95&type=w750&src=https%3A%2F%2Fldb-phinf.pstatic.net%2F20230829_137%2F1693282401170BAq7o_PNG%2F%25B7%25CE%25B0%25ED_%25C1%25A4%25B9%25E6%25C7%25FC.png""']",x,92,6,"['', '', '', '', '', '', '', '', '', '', '', '', '', '', '', '', '', '', '', '', '', '', '', '', '', '', '', '', '', '']"
"카페,디저트","['""https://search.pstatic.net/common/?autoRotate=true&quality=95&type=w750&src=https%3A%2F%2Fldb-phinf.pstatic.net%2F20221020_207%2F1666231982203dwPmy_JPEG%2F20190902_151526.jpg""']",x,31,11,"['', '', '', '', '', '', '', '', '', '', '', '', '', '', '', '', '', '', '', '', '', '', '', '', '', '', '', '', '', '']"
라면,"['""https://search.pstatic.net/common/?autoRotate=true&type=w560_sharpen&src=https%3A%2F%2Fldb-phinf.pstatic.net%2F20240116_210%2F1705413447019vxzzX_JPEG%2FIMG_8512.jpeg""', '""https://search.pstatic.net/common/?autoRotate=true&type=w278_sharpen&src=https%3A%2F%2Fldb-phinf.pstatic.net%2F20240116_120%2F1705413544094TSft5_PNG%2FIMG_7785.png""', '""https://search.pstatic.net/common/?autoRotate=true&type=w278_sharpen&src=https%3A%2F%2Fldb-phinf.pstatic.net%2F20240116_50%2F1705413543276On2Mq_JPEG%2FIMG_7996.jpeg""']",4.56,313,156,"['', '', '', '', '', '', '', '', '', '', '', '', '', '', '', '', '', '', '', '', '', '', '', '', '', '', '', '', '', '']"
x,x,x,x,x,x
카페,"['""https://search.pstatic.net/common/?autoRotate=true&type=w560_sharpen&src=https%3A%2F%2Fldb-phinf.pstatic.net%2F20210506_158%2F1620301464187d6uVp_JPEG%2F2pgITq3PBADGlHOj3-shtGvi.jpeg.jpg""', '""https://search.pstatic.net/common/?autoRotate=true&type=w278_sharpen&src=https%3A%2F%2Fldb-phinf.pstatic.net%2F20220616_57%2F1655369500697fchOd_JPEG%2FKakaoTalk_20220419_223056812.jpg""', '""https://search.pstatic.net/common/?autoRotate=true&type=w278_sharpen&src=https%3A%2F%2Fldb-phinf.pstatic.net%2F20220616_98%2F1655369500731VHvTD_JPEG%2FKakaoTalk_20220429_145218894.jpg""']",4.55,458,251,"['', '', '', '', '', '', '', '', '', '', '', '', '', '', '', '', '', '', '', '', '', '', '', '', '', '', '', '', '', '']"
카페,"['""https://search.pstatic.net/common/?autoRotate=true&type=w560_sharpen&src=https%3A%2F%2Fldb-phinf.pstatic.net%2F20190914_170%2F1568449762433K86v8_JPEG%2FOpv3meaId3UuKQhcxut_6xDX.jpeg.jpg""', '""https://search.pstatic.net/common/?autoRotate=true&type=w278_sharpen&src=https%3A%2F%2Fldb-phinf.pstatic.net%2F20190914_290%2F1568450008712Dkf58_JPEG%2F7DX7wkndeKe1F1w0rV_i5If4.jpeg.jpg""', '""https://search.pstatic.net/common/?autoRotate=true&type=w278_sharpen&src=https%3A%2F%2Fldb-phinf.pstatic.net%2F20190914_91%2F1568450024552BxyhK_JPEG%2F81V74KR26JC57-BV3SgT8jwI.jpeg.jpg""']",x,80,48,"['', '', '', '', '', '', '', '', '', '', '', '', '', '', '', '', '', '', '', '', '', '', '', '', '', '', '', '', '', '']"
x,x,x,x,x,x
x,x,x,x,x,x
"카페,디저트","['""https://search.pstatic.net/common/?autoRotate=true&type=w560_sharpen&src=https%3A%2F%2Fldb-phinf.pstatic.net%2F20231120_68%2F17004074417304b0Bg_JPEG%2FIMG_7357.jpeg""', '""https://search.pstatic.net/common/?autoRotate=true&type=w278_sharpen&src=https%3A%2F%2Fldb-phinf.pstatic.net%2F20240223_274%2F1708642922830lRNwn_JPEG%2FIMG_4096.jpeg""', '""https://search.pstatic.net/common/?autoRotate=true&type=w278_sharpen&src=https%3A%2F%2Fldb-phinf.pstatic.net%2F20240223_127%2F17086429227230Ge74_JPEG%2FIMG_3818.jpeg""']",x,363,263,"['', '', '', '', '', '', '', '', '', '', '', '', '', '', '', '', '', '', '', '', '', '', '', '', '', '', '', '', '', '']"
일식당,"['""https://search.pstatic.net/common/?autoRotate=true&type=w560_sharpen&src=https%3A%2F%2Fldb-phinf.pstatic.net%2F20190415_17%2F15553281739919EBLi_JPEG%2FyI9Lnz0neLvV5-m9Xt91WZ2B.jpg""', '""https://search.pstatic.net/common/?autoRotate=true&type=w278_sharpen&src=https%3A%2F%2Fldb-phinf.pstatic.net%2F20221116_86%2F1668586506494JiOaf_JPEG%2FAABA68C4-BE14-48CB-B000-B1E3D532FF68.jpeg""', '""https://search.pstatic.net/common/?autoRotate=true&type=w278_sharpen&src=https%3A%2F%2Fldb-phinf.pstatic.net%2F20190425_250%2F1556181032445AEfVX_JPEG%2FYShaFZyO_A0lSjiVOyifnvsX.jpg""']",4.76,89,105,"['', '', '', '', '', '', '', '', '', '', '', '', '', '', '', '', '', '', '', '', '', '', '', '', '', '', '', '', '', '']"
카페,"['""https://search.pstatic.net/common/?autoRotate=true&type=w560_sharpen&src=https%3A%2F%2Fldb-phinf.pstatic.net%2F20240201_101%2F1706745807775VpGe4_JPEG%2FSNS%25B1%25E2%25C5%25B8_%25B3%25D7%25C0%25CC%25B9%25F6%25C3%25A4%25B3%25CE_%25B5%25E5%25B8%25B5%25C5%25B7%25BF%25E4%25B0%25C5%25C6%25AE.jpg""', '""https://search.pstatic.net/common/?autoRotate=true&type=w560_sharpen&src=https%3A%2F%2Fldb-phinf.pstatic.net%2F20231221_241%2F1703118776404e9UGL_JPEG%2F%25B5%25FE%25B1%25E2_%25B3%25D7%25C0%25CC%25B9%25F6_%25BD%25BA%25B8%25B6%25C6%25AE%25C7%25C3%25B7%25B9%25C0%25CC%25BD%25BA.jpg""', '""https://search.pstatic.net/common/?autoRotate=true&type=w560_sharpen&src=https%3A%2F%2Fldb-phinf.pstatic.net%2F20230130_132%2F1675068602302YgoXp_JPEG%2FSNS%25B1%25E2%25C5%25B8_SNS_morebetter.jpg""']",4.44,258,4,"['', '', '', '', '', '', '', '', '', '', '', '', '', '', '', '', '', '', '', '', '', '', '', '', '', '', '', '', '', '']"
"카페,디저트","['""https://search.pstatic.net/common/?autoRotate=true&type=w560_sharpen&src=https%3A%2F%2Fldb-phinf.pstatic.net%2F20240220_102%2F17083850481698i0vT_PNG%2F1673837847352.png""', '""https://search.pstatic.net/common/?autoRotate=true&type=w278_sharpen&src=https%3A%2F%2Fldb-phinf.pstatic.net%2F20240220_266%2F1708385005765n2JLN_PNG%2F1700901345568.png""', '""https://search.pstatic.net/common/?autoRotate=true&type=w278_sharpen&src=https%3A%2F%2Fldb-phinf.pstatic.net%2F20240220_184%2F1708384979296UOOKI_JPEG%2F20231217_161213.jpg""']",4.75,172,10,"['', '', '', '', '', '', '', '', '', '', '', '', '', '', '', '', '', '', '', '', '', '', '', '', '', '', '', '', '', '']"
햄버거,"['""https://search.pstatic.net/common/?autoRotate=true&type=w560_sharpen&src=https%3A%2F%2Fldb-phinf.pstatic.net%2F20240207_300%2F1707268553325GfUKX_PNG%2F%25BA%25F1%25BA%25F6.png""', '""https://search.pstatic.net/common/?autoRotate=true&type=w278_sharpen&src=https%3A%2F%2Fldb-phinf.pstatic.net%2F20231107_165%2F1699339268581y67PC_JPEG%2F5._231012-%25B1%25F8%25B5%25C5%25C8%25C4-%25C7%25CF%25B4%25DC%25B9%25E8%25B3%25CA.jpg""', '""https://search.pstatic.net/common/?autoRotate=true&type=w278_sharpen&src=https%3A%2F%2Fldb-phinf.pstatic.net%2F20231107_4%2F1699339261727waYoC_JPEG%2F%25BB%25F5%25BF%25EC.jpg""']",4.2,637,19,"['', '', '', '', '', '', '', '', '', '', '', '', '', '', '', '', '', '', '', '', '', '', '', '', '', '', '', '', '', '']"
"카페,디저트",[],x,2,26,"['', '', '', '', '', '', '', '', '', '', '', '', '', '', '', '', '', '', '', '', '', '', '', '', '', '', '', '', '', '']"
x,x,x,x,x,x
카페,"['""https://search.pstatic.net/common/?autoRotate=true&type=w560_sharpen&src=https%3A%2F%2Fldb-phinf.pstatic.net%2F20190424_47%2F1556095273974m0Fog_JPEG%2FTYPneiMEbnqbXmk5URGeG2tV.jpg""', '""https://search.pstatic.net/common/?autoRotate=true&type=w560_sharpen&src=https%3A%2F%2Fldb-phinf.pstatic.net%2F20190424_194%2F1556095277319tiSR4_JPEG%2FxKZpFvf5UX-R0ONF90FeE2Fp.jpg""', '""https://search.pstatic.net/common/?autoRotate=true&type=w560_sharpen&src=https%3A%2F%2Fldb-phinf.pstatic.net%2F20190424_209%2F1556095280437sCaYf_JPEG%2FvN9nz8dui6xyeSvBDt_L0TA6.jpg""']",4.48,1395,64,"['', '', '', '', '', '', '', '', '', '', '', '', '', '', '', '', '', '', '', '', '', '', '', '', '', '', '', '', '', '']"
"카페,디저트","['""https://search.pstatic.net/common/?autoRotate=true&quality=95&type=w750&src=https%3A%2F%2Fldb-phinf.pstatic.net%2F20200517_178%2F1589691563590mejYt_JPEG%2FqRGqnvAku6wnqoCetv158LnP.JPG.jpg""']",x,72,28,"['', '', '', '', '', '', '', '', '', '', '', '', '', '', '', '', '', '', '', '', '', '', '', '', '', '', '', '', '', '']"
x,x,x,x,x,x
빙수,"['""https://search.pstatic.net/common/?autoRotate=true&quality=95&type=w750&src=https%3A%2F%2Fldb-phinf.pstatic.net%2F20200428_224%2F1588063133176YDOMh_JPEG%2FTebotwEmbhljqxVjC8TEY986.jpg""']",4.27,82,4,"['', '', '', '', '', '', '', '', '', '', '', '', '', '', '', '', '', '', '', '', '', '', '', '', '', '', '', '', '', '']"
x,x,x,x,x,x
"카페,디저트",[],x,9,1,"['', '', '', '', '', '', '', '', '', '', '', '', '', '', '', '', '', '', '', '', '', '', '', '', '', '', '', '', '', '']"
x,x,x,x,x,x
차,"['""https://search.pstatic.net/common/?autoRotate=true&quality=95&type=w750&src=https%3A%2F%2Fldb-phinf.pstatic.net%2F20230612_287%2F1686558539225Vs1Cp_JPEG%2F%25B0%25F8%25C2%25F7_%25B7%25CE%25B0%25ED.jpg""']",x,336,8,"['', '', '', '', '', '', '', '', '', '', '', '', '', '', '', '', '', '', '', '', '', '', '', '', '', '', '', '', '', '']"
펜션,"['""https://search.pstatic.net/common/?autoRotate=true&type=w560_sharpen&src=https%3A%2F%2Fldb-phinf.pstatic.net%2F20160323_255%2F1458724803274lSrEY_PNG%2F13__1.png""', '""https://search.pstatic.net/common/?autoRotate=true&type=w278_sharpen&src=https%3A%2F%2Fldb-phinf.pstatic.net%2F20160323_3%2F14587248034521UiKO_PNG%2F13__3.png""', '""https://search.pstatic.net/common/?autoRotate=true&type=w278_sharpen&src=https%3A%2F%2Fldb-phinf.pstatic.net%2F20160326_207%2F1458963378771Se9M0_JPEG%2F176276526638586_2.jpeg""']",4.97,35,14,"['', '', '', '', '', '', '', '', '', '', '', '', '', '', '', '', '', '', '', '', '', '', '', '', '', '', '', '', '', '']"
x,x,x,x,x,x
카페,"['""https://search.pstatic.net/common/?autoRotate=true&type=w560_sharpen&src=https%3A%2F%2Fldb-phinf.pstatic.net%2F20200412_109%2F1586670304606DrOsl_JPEG%2FMAlHudjUxMas-A_Ye9Bk85iE.jpg""', '""https://search.pstatic.net/common/?autoRotate=true&type=w560_sharpen&src=https%3A%2F%2Fldb-phinf.pstatic.net%2F20200417_40%2F1587104317646YQnk8_JPEG%2F8k0tLYxgyu5YdlzPICGGubvt.jpg""']",4.29,209,2,"['', '', '', '', '', '', '', '', '', '', '', '', '', '', '', '', '', '', '', '', '', '', '', '', '', '', '', '', '', '']"
x,x,x,x,x,x
x,x,x,x,x,x
x,x,x,x,x,x
x,x,x,x,x,x
햄버거,"['""https://search.pstatic.net/common/?autoRotate=true&quality=95&type=w750&src=https%3A%2F%2Fldb-phinf.pstatic.net%2F20200308_232%2F1583656929224IMiGN_JPEG%2FvbqkUr_UftqBpnPjNQoL-xM8.jpeg.jpg""']",4.46,233,16,"['', '', '', '', '', '', '', '', '', '', '', '', '', '', '', '', '', '', '', '', '', '', '', '', '', '', '', '', '', '']"
"카페,디저트","['""https://search.pstatic.net/common/?autoRotate=true&type=w560_sharpen&src=https%3A%2F%2Fldb-phinf.pstatic.net%2F20230811_239%2F1691740230416VXYPV_JPEG%2FIMG_2070.""', '""https://search.pstatic.net/common/?autoRotate=true&type=w278_sharpen&src=https%3A%2F%2Fldb-phinf.pstatic.net%2F20230811_236%2F169174023047915LFn_JPEG%2FIMG_2840.""', '""https://search.pstatic.net/common/?autoRotate=true&type=w278_sharpen&src=https%3A%2F%2Fldb-phinf.pstatic.net%2F20230811_253%2F16917402304192VEn3_JPEG%2F%25BC%25D2%25B1%25DD%25BB%25A7_%25BB%25E7%25C1%25F8.""']",4.68,670,210,"['', '', '', '', '', '', '', '', '', '', '', '', '', '', '', '', '', '', '', '', '', '', '', '', '', '', '', '', '', '']"
x,x,x,x,x,x
"카페,디저트","['""https://search.pstatic.net/common/?autoRotate=true&type=w560_sharpen&src=https%3A%2F%2Fldb-phinf.pstatic.net%2F20230814_185%2F1691982893226iNIJW_JPEG%2FIMG_3860.jpeg""', '""https://search.pstatic.net/common/?autoRotate=true&type=w278_sharpen&src=https%3A%2F%2Fldb-phinf.pstatic.net%2F20231224_174%2F1703419189546WrJMN_JPEG%2FIMG_6292.jpeg""', '""https://search.pstatic.net/common/?autoRotate=true&type=w278_sharpen&src=https%3A%2F%2Fldb-phinf.pstatic.net%2F20231224_59%2F170341918958896SNL_JPEG%2FIMG_6352.jpeg""']",4.7,385,46,"['', '', '', '', '', '', '', '', '', '', '', '', '', '', '', '', '', '', '', '', '', '', '', '', '', '', '', '', '', '']"
카페,"['""https://search.pstatic.net/common/?autoRotate=true&type=w560_sharpen&src=https%3A%2F%2Fldb-phinf.pstatic.net%2F20191031_141%2F1572506087888Pbh3Q_JPEG%2F-quCh89FlcdFjVSpJ5amapht.jpg""', '""https://search.pstatic.net/common/?autoRotate=true&type=w278_sharpen&src=https%3A%2F%2Fldb-phinf.pstatic.net%2F20191031_222%2F1572506097159FRsJV_JPEG%2FdGjO3t7mT1hw9-tDIjF8OCrb.jpg""', '""https://search.pstatic.net/common/?autoRotate=true&type=w278_sharpen&src=https%3A%2F%2Fldb-phinf.pstatic.net%2F20191031_9%2F1572506111343kAwqN_JPEG%2F2SHQi6lCBrncs0_S-rFQQgAq.jpg""']",4.62,490,537,"['', '', '', '', '', '', '', '', '', '', '', '', '', '', '', '', '', '', '', '', '', '', '', '', '', '', '', '', '', '']"
x,x,x,x,x,x
"키즈카페,실내놀이터","['""https://search.pstatic.net/common/?autoRotate=true&type=w560_sharpen&src=https%3A%2F%2Fldb-phinf.pstatic.net%2F20220618_218%2F1655486353085pSqnV_JPEG%2FKakaoTalk_20220618_021834648.jpg""', '""https://search.pstatic.net/common/?autoRotate=true&type=w278_sharpen&src=https%3A%2F%2Fldb-phinf.pstatic.net%2F20190702_58%2F15620689449023tlb4_JPEG%2FlLVJMy6hPaWj6POBr8fzRGiv.jpeg.jpg""', '""https://search.pstatic.net/common/?autoRotate=true&type=w278_sharpen&src=https%3A%2F%2Fldb-phinf.pstatic.net%2F20220618_108%2F1655486353031Vhxyc_JPEG%2FKakaoTalk_20220618_021834648_01.jpg""']",x,1048,123,"['', '', '', '', '', '', '', '', '', '', '', '', '', '', '', '', '', '', '', '', '', '', '', '', '', '', '', '', '', '']"
x,x,x,x,x,x
x,x,x,x,x,x
x,x,x,x,x,x
x,x,x,x,x,x
"서핑,윈드서핑","['""https://search.pstatic.net/common/?autoRotate=true&type=w560_sharpen&src=https%3A%2F%2Fldb-phinf.pstatic.net%2F20190602_48%2F1559432041117WuoCA_JPEG%2FIpBdWVas_qvuQrDVKuHOZGb8.jpg""', '""https://search.pstatic.net/common/?autoRotate=true&type=w278_sharpen&src=https%3A%2F%2Fldb-phinf.pstatic.net%2F20220709_282%2F1657339535164D12io_JPEG%2FKakaoTalk_20220709_130256814.jpg""', '""https://search.pstatic.net/common/?autoRotate=true&type=w278_sharpen&src=https%3A%2F%2Fldb-phinf.pstatic.net%2F20230623_136%2F1687492088729R0swA_JPEG%2F%25BD%25BA%25B4%25A9%25C4%25F0%25B8%25B5.jpg""']",4.79,619,239,"['', '', '', '', '', '', '', '', '', '', '', '', '', '', '', '', '', '', '', '', '', '', '', '', '', '', '', '', '', '']"
카페,"['""https://search.pstatic.net/common/?autoRotate=true&quality=95&type=w750&src=https%3A%2F%2Fldb-phinf.pstatic.net%2F20190701_234%2F1561942676255IbWwn_JPEG%2FBxbUimPVePZQdfDj1_GmQGJS.JPG.jpg""']",x,601,15,"['', '', '', '', '', '', '', '', '', '', '', '', '', '', '', '', '', '', '', '', '', '', '', '', '', '', '', '', '', '']"
"카페,디저트","['""https://search.pstatic.net/common/?autoRotate=true&type=w560_sharpen&src=https%3A%2F%2Fldb-phinf.pstatic.net%2F20221112_175%2F1668248996226goEUH_JPEG%2F16685970-58E4-4F4D-B5ED-FD301BCD39B7.jpeg""', '""https://search.pstatic.net/common/?autoRotate=true&type=w278_sharpen&src=https%3A%2F%2Fldb-phinf.pstatic.net%2F20221112_179%2F1668248978090kf2q6_JPEG%2F92FA76B1-695D-4AF4-B303-B9E2248616B1.jpeg""', '""https://search.pstatic.net/common/?autoRotate=true&type=w278_sharpen&src=https%3A%2F%2Fldb-phinf.pstatic.net%2F20221112_249%2F16682489546916DLgB_JPEG%2FD1F96525-A76E-4035-AFE7-DF8703CF9653.jpeg""']",x,28,34,"['', '', '', '', '', '', '', '', '', '', '', '', '', '', '', '', '', '', '', '', '', '', '', '', '', '', '', '', '', '']"
한식,"['""https://search.pstatic.net/common/?autoRotate=true&type=w560_sharpen&src=https%3A%2F%2Fldb-phinf.pstatic.net%2F20210826_254%2F1629943348395DaVal_JPEG%2F9iGJ7umgVA7O-jF0P-t9KikL.JPG.jpg""', '""https://search.pstatic.net/common/?autoRotate=true&type=w278_sharpen&src=https%3A%2F%2Fldb-phinf.pstatic.net%2F20210826_95%2F1629943347910QrieW_JPEG%2FCkyFEXw-MM3pUL-3u9vUb8Z7.JPG.jpg""', '""https://search.pstatic.net/common/?autoRotate=true&type=w278_sharpen&src=https%3A%2F%2Fldb-phinf.pstatic.net%2F20210826_181%2F162994334782197g4J_JPEG%2FEE6_MOaKxN_a_2_GypM1jG_m.JPG.jpg""']",4.54,484,595,"['', '', '', '', '', '', '', '', '', '', '', '', '', '', '', '', '', '', '', '', '', '', '', '', '', '', '', '', '', '']"
베이커리,"['""https://search.pstatic.net/common/?autoRotate=true&type=w560_sharpen&src=https%3A%2F%2Fldb-phinf.pstatic.net%2F20210917_140%2F1631874789155y0rtC_JPEG%2FOp3l5jOaC-DO1Rw5JQjbEzaz.jpg""', '""https://search.pstatic.net/common/?autoRotate=true&type=w278_sharpen&src=https%3A%2F%2Fldb-phinf.pstatic.net%2F20221205_51%2F1670208719871imCYd_JPEG%2F20201130_104950.jpg""', '""https://search.pstatic.net/common/?autoRotate=true&type=w278_sharpen&src=https%3A%2F%2Fldb-phinf.pstatic.net%2F20221205_222%2F1670208720203tXJRl_JPEG%2F20201128_094939.jpg""']",4.59,547,92,"['', '', '', '', '', '', '', '', '', '', '', '', '', '', '', '', '', '', '', '', '', '', '', '', '', '', '', '', '', '']"
x,x,x,x,x,x
x,x,x,x,x,x
차,"['""https://search.pstatic.net/common/?autoRotate=true&type=w560_sharpen&src=https%3A%2F%2Fldb-phinf.pstatic.net%2F20230607_294%2F1686143113265FuH8t_JPEG%2F92B90B88-38A6-4099-AC3E-853D026CE85F.""', '""https://search.pstatic.net/common/?autoRotate=true&type=w560_sharpen&src=https%3A%2F%2Fldb-phinf.pstatic.net%2F20230607_175%2F16861431147079UPca_JPEG%2FIMG_2961.""', '""https://search.pstatic.net/common/?autoRotate=true&type=w560_sharpen&src=https%3A%2F%2Fldb-phinf.pstatic.net%2F20200216_261%2F1581841831749PbAxp_JPEG%2FKakaoTalk_Photo_2020-02-16-17-29-19.jpeg""']",x,247,198,"['', '', '', '', '', '', '', '', '', '', '', '', '', '', '', '', '', '', '', '', '', '', '', '', '', '', '', '', '', '']"
x,x,x,x,x,x
"카페,디저트","['""https://search.pstatic.net/common/?autoRotate=true&type=w560_sharpen&src=https%3A%2F%2Fldb-phinf.pstatic.net%2F20190604_261%2F15596346170793xYCI_JPEG%2Fe_Ifj37qXW58NTnttvVB8l1h.jpeg.jpg""', '""https://search.pstatic.net/common/?autoRotate=true&type=w278_sharpen&src=https%3A%2F%2Fldb-phinf.pstatic.net%2F20190604_91%2F15596350680200XzfI_JPEG%2FkhKOxiIFzHCRUYFkLFjYnjG9.jpeg.jpg""', '""https://search.pstatic.net/common/?autoRotate=true&type=w278_sharpen&src=https%3A%2F%2Fldb-phinf.pstatic.net%2F20190604_251%2F1559635075428ANlfR_JPEG%2FExKB1zGq6qfNHiAg_2mjmxS-.jpeg.jpg""']",4.36,62,48,"['', '', '', '', '', '', '', '', '', '', '', '', '', '', '', '', '', '', '', '', '', '', '', '', '', '', '', '', '', '']"
"키즈카페,실내놀이터","['""https://search.pstatic.net/common/?autoRotate=true&type=w560_sharpen&src=https%3A%2F%2Fldb-phinf.pstatic.net%2F20190523_49%2F15586048892759JPJF_JPEG%2FN3e6lvcP-xoSKp6NyMZc-0Jw.jpg""', '""https://search.pstatic.net/common/?autoRotate=true&type=w278_sharpen&src=https%3A%2F%2Fldb-phinf.pstatic.net%2F20190523_72%2F1558604834718dgNan_JPEG%2FogYXbi1RFteb0zuZd_vzUDOl.jpg""', '""https://search.pstatic.net/common/?autoRotate=true&type=w278_sharpen&src=https%3A%2F%2Fldb-phinf.pstatic.net%2F20190523_283%2F1558604895207Iedrx_JPEG%2Fycwt00xoIKls6riPShGu_HPz.jpg""']",x,117,80,"['', '', '', '', '', '', '', '', '', '', '', '', '', '', '', '', '', '', '', '', '', '', '', '', '', '', '', '', '', '']"
x,x,x,x,x,x
브런치카페,"['""https://search.pstatic.net/common/?autoRotate=true&type=w560_sharpen&src=https%3A%2F%2Fldb-phinf.pstatic.net%2F20231229_72%2F1703831523065A6vFf_JPEG%2FA1EC435A-67DB-4313-B35C-D7B182FDFB4D.jpeg""', '""https://search.pstatic.net/common/?autoRotate=true&type=w278_sharpen&src=https%3A%2F%2Fldb-phinf.pstatic.net%2F20240204_25%2F17070151130422yT0p_JPEG%2FBCE4CE1E-992A-4F9F-A803-67CEE901A49C.jpeg""', '""https://search.pstatic.net/common/?autoRotate=true&type=w278_sharpen&src=https%3A%2F%2Fldb-phinf.pstatic.net%2F20240204_158%2F1707015144300SmiAl_JPEG%2F35F8CFEA-8444-4139-BEE1-B2F8C6C2D3F2.jpeg""']",x,133,49,"['', '', '', '', '', '', '', '', '', '', '', '', '', '', '', '', '', '', '', '', '', '', '', '', '', '', '', '', '', '']"
종합분식,[],x,13,0,"['', '', '', '', '', '', '', '', '', '', '', '', '', '', '', '', '', '', '', '', '', '', '', '', '', '', '', '', '', '']"
카페,"['""https://search.pstatic.net/common/?autoRotate=true&quality=95&type=w750&src=https%3A%2F%2Fldb-phinf.pstatic.net%2F20200429_18%2F1588135255505C5Hvs_JPEG%2FxellVM24PxhMyAfvWOwqluoX.jpeg.jpg""']",4.2,1269,22,"['', '', '', '', '', '', '', '', '', '', '', '', '', '', '', '', '', '', '', '', '', '', '', '', '', '', '', '', '', '']"
x,x,x,x,x,x
x,x,x,x,x,x
"카페,디저트",[],4.79,342,18,"['', '', '', '', '', '', '', '', '', '', '', '', '', '', '', '', '', '', '', '', '', '', '', '', '', '', '', '', '', '']"
x,x,x,x,x,x
x,x,x,x,x,x
x,x,x,x,x,x
x,x,x,x,x,x
x,x,x,x,x,x
x,x,x,x,x,x
베이커리,"['""https://search.pstatic.net/common/?autoRotate=true&type=w560_sharpen&src=https%3A%2F%2Fldb-phinf.pstatic.net%2F20190707_235%2F1562467669192zuitk_JPEG%2FSdVPrjoWNcY515qfVsOGZK8T.jpeg.jpg""', '""https://search.pstatic.net/common/?autoRotate=true&type=w278_sharpen&src=https%3A%2F%2Fldb-phinf.pstatic.net%2F20200415_197%2F1586886779155P0GA6_JPEG%2FfLjn05kreDAJiHx-k0DOIc61.jpg""', '""https://search.pstatic.net/common/?autoRotate=true&type=w278_sharpen&src=https%3A%2F%2Fldb-phinf.pstatic.net%2F20200415_172%2F1586886790908VjKMs_JPEG%2FF5OWJF35047m_IUodIc5aNNx.jpg""']",4.31,751,59,"['', '', '', '', '', '', '', '', '', '', '', '', '', '', '', '', '', '', '', '', '', '', '', '', '', '', '', '', '', '']"
x,x,x,x,x,x
PC방,[],x,49,1,"['', '', '', '', '', '', '', '', '', '', '', '', '', '', '', '', '', '', '', '', '', '', '', '', '', '', '', '', '', '']"
x,x,x,x,x,x
x,x,x,x,x,x
x,x,x,x,x,x
x,x,x,x,x,x
"카페,디저트","['""https://search.pstatic.net/common/?autoRotate=true&type=w560_sharpen&src=https%3A%2F%2Fldb-phinf.pstatic.net%2F20240308_120%2F1709877505115FJbo3_JPEG%2F1000007443.jpg""', '""https://search.pstatic.net/common/?autoRotate=true&type=w278_sharpen&src=https%3A%2F%2Fldb-phinf.pstatic.net%2F20240213_209%2F1707791205729Aq7lK_JPEG%2F1000007161.jpg""', '""https://search.pstatic.net/common/?autoRotate=true&type=w278_sharpen&src=https%3A%2F%2Fldb-phinf.pstatic.net%2F20240128_300%2F1706410639564yJqJp_JPEG%2F1000006737.jpg""']",x,207,22,"['', '', '', '', '', '', '', '', '', '', '', '', '', '', '', '', '', '', '', '', '', '', '', '', '', '', '', '', '', '']"
카페,"['""https://search.pstatic.net/common/?autoRotate=true&quality=95&type=w750&src=https%3A%2F%2Fldb-phinf.pstatic.net%2F20200428_180%2F1588063471449pvK1H_JPEG%2F8ULu-C6rC23C03rSoncfIa5s.jpg""']",x,1305,32,"['', '', '', '', '', '', '', '', '', '', '', '', '', '', '', '', '', '', '', '', '', '', '', '', '', '', '', '', '', '']"
x,x,x,x,x,x
x,x,x,x,x,x
x,x,x,x,x,x
x,x,x,x,x,x
x,x,x,x,x,x
빙수,"['""https://search.pstatic.net/common/?autoRotate=true&type=w560_sharpen&src=https%3A%2F%2Fldb-phinf.pstatic.net%2F20190921_273%2F1569053074378EkV2m_JPEG%2F9_CZsWS3Y0Mj9UHFbLv1rPKh.jpg""', '""https://search.pstatic.net/common/?autoRotate=true&type=w278_sharpen&src=https%3A%2F%2Fldb-phinf.pstatic.net%2F20190921_167%2F1569053079646zof8V_JPEG%2FmgyFFWqXmngfySJ5qsBAYA5J.jpg""', '""https://search.pstatic.net/common/?autoRotate=true&type=w278_sharpen&src=https%3A%2F%2Fldb-phinf.pstatic.net%2F20190620_280%2F1560982865439eWYVy_JPEG%2FR5HMwAzUjpc2KdODqW71rhOx.jpg""']",4.21,301,31,"['', '', '', '', '', '', '', '', '', '', '', '', '', '', '', '', '', '', '', '', '', '', '', '', '', '', '', '', '', '']"
호두과자,"['""https://search.pstatic.net/common/?autoRotate=true&type=w560_sharpen&src=https%3A%2F%2Fldb-phinf.pstatic.net%2F20230719_268%2F1689734292212omjpv_JPEG%2FIMG_0897.jpg""', '""https://search.pstatic.net/common/?autoRotate=true&type=w278_sharpen&src=https%3A%2F%2Fldb-phinf.pstatic.net%2F20191206_77%2F1575564437919YHMRD_JPEG%2FUOmRNGOjSGricMBGe-mzv6r6.jpg""', '""https://search.pstatic.net/common/?autoRotate=true&type=w278_sharpen&src=https%3A%2F%2Fldb-phinf.pstatic.net%2F20211006_186%2F1633494091948rU5YR_PNG%2Fh1Hna6ATQzoyUPyRqkR9afrz.png""']",4.59,113,6,"['', '', '', '', '', '', '', '', '', '', '', '', '', '', '', '', '', '', '', '', '', '', '', '', '', '', '', '', '', '']"
카페,"['""https://search.pstatic.net/common/?autoRotate=true&type=w560_sharpen&src=https%3A%2F%2Fldb-phinf.pstatic.net%2F20240103_297%2F1704241881526AIzwR_JPEG%2F1._%25B4%25F5%25BA%25A5%25C6%25BC_%25C4%25BF%25C7%25C7_BI.jpg""', '""https://search.pstatic.net/common/?autoRotate=true&type=w560_sharpen&src=https%3A%2F%2Fldb-phinf.pstatic.net%2F20240103_24%2F170424188493451YIB_JPEG%2F2._%25BD%25BA%25C6%25E4%25BC%25C8%25C6%25BC.jpg""', '""https://search.pstatic.net/common/?autoRotate=true&type=w278_sharpen&src=https%3A%2F%2Fldb-phinf.pstatic.net%2F20240103_229%2F1704241887740v4BKg_PNG%2F3._%25B5%25F0%25C4%25AB%25C6%25E4%25C0%25CE.png""']",x,59,4,"['', '', '', '', '', '', '', '', '', '', '', '', '', '', '', '', '', '', '', '', '', '', '', '', '', '', '', '', '', '']"
토스트,"['""https://search.pstatic.net/common/?autoRotate=true&type=w560_sharpen&src=https%3A%2F%2Fldb-phinf.pstatic.net%2F20230630_28%2F1688108112460o44pq_JPEG%2F1688108063123.jpg""', '""https://search.pstatic.net/common/?autoRotate=true&type=w278_sharpen&src=https%3A%2F%2Fldb-phinf.pstatic.net%2F20230630_120%2F1688108135649Os6BR_JPEG%2F1688108063635.jpg""', '""https://search.pstatic.net/common/?autoRotate=true&type=w278_sharpen&src=https%3A%2F%2Fldb-phinf.pstatic.net%2F20230630_59%2F16881081318698jBhI_JPEG%2F1688108063516.jpg""']",x,18,1,"['', '', '', '', '', '', '', '', '', '', '', '', '', '', '', '', '', '', '', '', '', '', '', '', '', '', '', '', '', '']"
x,x,x,x,x,x
x,x,x,x,x,x
"카페,디저트","['""https://search.pstatic.net/common/?autoRotate=true&type=w560_sharpen&src=https%3A%2F%2Fldb-phinf.pstatic.net%2F20231014_185%2F1697210702447Vyw4L_JPEG%2FIMG_6236.jpeg""', '""https://search.pstatic.net/common/?autoRotate=true&type=w278_sharpen&src=https%3A%2F%2Fldb-phinf.pstatic.net%2F20240226_67%2F17089512691433sqPj_JPEG%2FIMG_0467.jpeg""', '""https://search.pstatic.net/common/?autoRotate=true&type=w278_sharpen&src=https%3A%2F%2Fldb-phinf.pstatic.net%2F20240307_177%2F1709788719187fLqeH_JPEG%2FIMG_0726.jpeg""']",x,19,4,"['', '', '', '', '', '', '', '', '', '', '', '', '', '', '', '', '', '', '', '', '', '', '', '', '', '', '', '', '', '']"
x,x,x,x,x,x
카페,"['""https://search.pstatic.net/common/?autoRotate=true&type=w560_sharpen&src=https%3A%2F%2Fldb-phinf.pstatic.net%2F20230623_256%2F1687475969481OVoOg_JPEG%2F1._%25B8%25C5%25C0%25E5%25C3%25F8%25B8%25E9.jpg""', '""https://search.pstatic.net/common/?autoRotate=true&type=w278_sharpen&src=https%3A%2F%2Fldb-phinf.pstatic.net%2F20230623_187%2F1687475982676P5zM0_JPEG%2F3._%25B9%25D9%25B8%25AE%25BD%25BA%25C5%25B8%25C1%25B81.jpg""', '""https://search.pstatic.net/common/?autoRotate=true&type=w278_sharpen&src=https%3A%2F%2Fldb-phinf.pstatic.net%2F20230623_269%2F1687475983343KWws6_JPEG%2F5._MD%25C1%25B8.jpg""']",x,191,52,"['', '', '', '', '', '', '', '', '', '', '', '', '', '', '', '', '', '', '', '', '', '', '', '', '', '', '', '', '', '']"
x,x,x,x,x,x
"카페,디저트","['""https://search.pstatic.net/common/?autoRotate=true&type=w560_sharpen&src=https%3A%2F%2Fldb-phinf.pstatic.net%2F20230809_251%2F1691563540151I1o9h_JPEG%2F1.jpg""', '""https://search.pstatic.net/common/?autoRotate=true&type=w278_sharpen&src=https%3A%2F%2Fldb-phinf.pstatic.net%2F20230809_90%2F1691563546453Dv7x7_JPEG%2F3.jpg""', '""https://search.pstatic.net/common/?autoRotate=true&type=w278_sharpen&src=https%3A%2F%2Fldb-phinf.pstatic.net%2F20230809_265%2F1691563544013hC5KC_JPEG%2F2.jpg""']",x,768,156,"['', '', '', '', '', '', '', '', '', '', '', '', '', '', '', '', '', '', '', '', '', '', '', '', '', '', '', '', '', '']"
x,x,x,x,x,x
"카페,디저트","['""https://search.pstatic.net/common/?autoRotate=true&type=w560_sharpen&src=https%3A%2F%2Fldb-phinf.pstatic.net%2F20230720_227%2F1689827362651siwYu_JPEG%2F1689673371956.jpg""', '""https://search.pstatic.net/common/?autoRotate=true&type=w278_sharpen&src=https%3A%2F%2Fldb-phinf.pstatic.net%2F20230815_20%2F1692080836136hF02K_JPEG%2F1000005850.jpg""', '""https://search.pstatic.net/common/?autoRotate=true&type=w278_sharpen&src=https%3A%2F%2Fldb-phinf.pstatic.net%2F20230815_296%2F1692080778600IPqEC_JPEG%2F1000005921.jpg""']",x,12,4,"['', '', '', '', '', '', '', '', '', '', '', '', '', '', '', '', '', '', '', '', '', '', '', '', '', '', '', '', '', '']"
x,x,x,x,x,x
"카페,디저트","['""https://search.pstatic.net/common/?autoRotate=true&type=w560_sharpen&src=https%3A%2F%2Fldb-phinf.pstatic.net%2F20230812_112%2F1691817252398R9s81_JPEG%2F6DDEE734-6509-409C-B0AA-6EFEFA8A73E2.jpeg""', '""https://search.pstatic.net/common/?autoRotate=true&type=w278_sharpen&src=https%3A%2F%2Fldb-phinf.pstatic.net%2F20230812_222%2F1691818705042Kjwmo_JPEG%2F44ED06DF-D824-4FCA-958D-D6D2092C0123.jpeg""', '""https://search.pstatic.net/common/?autoRotate=true&type=w278_sharpen&src=https%3A%2F%2Fldb-phinf.pstatic.net%2F20230812_290%2F1691818704542WsEK7_JPEG%2F3C57D008-333A-4671-8BD4-EAB8E312B4A9.jpeg""']",x,31,22,"['', '', '', '', '', '', '', '', '', '', '', '', '', '', '', '', '', '', '', '', '', '', '', '', '', '', '', '', '', '']"
x,x,x,x,x,x
x,x,x,x,x,x
플라워카페,"['""https://search.pstatic.net/common/?autoRotate=true&quality=95&type=w750&src=https%3A%2F%2Fldb-phinf.pstatic.net%2F20230801_76%2F1690870445526QOeqU_JPEG%2F%25B8%25F1%25C7%25E2_%25B7%25CE%25B0%25ED%25C3%25D6%25C1%25BE%2528%25C0%25CC%25B9%25CC%25C1%25F6%25C6%25C4%25C0%25CF%2529.jpg""']",x,12,2,"['', '', '', '', '', '', '', '', '', '', '', '', '', '', '', '', '', '', '', '', '', '', '', '', '', '', '', '', '', '']"
국수,"['""https://search.pstatic.net/common/?autoRotate=true&type=w560_sharpen&src=https%3A%2F%2Fldb-phinf.pstatic.net%2F20240123_166%2F1705992160942N9Gdw_JPEG%2F1000005787.jpg""', '""https://search.pstatic.net/common/?autoRotate=true&type=w278_sharpen&src=https%3A%2F%2Fldb-phinf.pstatic.net%2F20240202_226%2F1706864042093VIskL_JPEG%2F1000006367.jpg""', '""https://search.pstatic.net/common/?autoRotate=true&type=w278_sharpen&src=https%3A%2F%2Fldb-phinf.pstatic.net%2F20240128_76%2F1706404575878eWUJw_JPEG%2F1000006118.jpg""']",x,99,461,"['', '', '', '', '', '', '', '', '', '', '', '', '', '', '', '', '', '', '', '', '', '', '', '', '', '', '', '', '', '']"
x,x,x,x,x,x
x,x,x,x,x,x
x,x,x,x,x,x
x,x,x,x,x,x
x,x,x,x,x,x
x,x,x,x,x,x
"카페,디저트","['""https://search.pstatic.net/common/?autoRotate=true&type=w560_sharpen&src=https%3A%2F%2Fldb-phinf.pstatic.net%2F20230722_174%2F1689956832287sBtlj_JPEG%2FKakaoTalk_20230722_012558318_04.jpg""', '""https://search.pstatic.net/common/?autoRotate=true&type=w278_sharpen&src=https%3A%2F%2Fldb-phinf.pstatic.net%2F20230722_123%2F1689956866011vzgbs_JPEG%2FKakaoTalk_20230722_012558318_01.jpg""', '""https://search.pstatic.net/common/?autoRotate=true&type=w278_sharpen&src=https%3A%2F%2Fldb-phinf.pstatic.net%2F20230722_18%2F1689956866094yqPxI_JPEG%2FKakaoTalk_20230722_012558318_05.jpg""']",x,67,24,"['', '', '', '', '', '', '', '', '', '', '', '', '', '', '', '', '', '', '', '', '', '', '', '', '', '', '', '', '', '']"
카페,"['""https://search.pstatic.net/common/?autoRotate=true&type=w560_sharpen&src=https%3A%2F%2Fldb-phinf.pstatic.net%2F20230806_148%2F1691293355214HcKEd_JPEG%2FIMG_9243.jpeg""', '""https://search.pstatic.net/common/?autoRotate=true&type=w278_sharpen&src=https%3A%2F%2Fldb-phinf.pstatic.net%2F20230806_185%2F1691293352935DyXBo_JPEG%2FIMG_9252.jpeg""', '""https://search.pstatic.net/common/?autoRotate=true&type=w278_sharpen&src=https%3A%2F%2Fldb-phinf.pstatic.net%2F20230806_218%2F1691293401451Ly7Rb_JPEG%2FIMG_9535.jpeg""']",x,48,47,"['', '', '', '', '', '', '', '', '', '', '', '', '', '', '', '', '', '', '', '', '', '', '', '', '', '', '', '', '', '']"
종합분식,"['""https://search.pstatic.net/common/?autoRotate=true&type=w560_sharpen&src=https%3A%2F%2Fldb-phinf.pstatic.net%2F20230725_133%2F1690263576764oj7R6_JPEG%2FIMG_2227.jpg""', '""https://search.pstatic.net/common/?autoRotate=true&type=w278_sharpen&src=https%3A%2F%2Fldb-phinf.pstatic.net%2F20230725_136%2F1690263581970AMtSD_JPEG%2FIMG_2225.jpg""', '""https://search.pstatic.net/common/?autoRotate=true&type=w278_sharpen&src=https%3A%2F%2Fldb-phinf.pstatic.net%2F20230725_21%2F1690263588502yRJV4_JPEG%2F48AA8435-.jpg""']",x,44,8,"['', '', '', '', '', '', '', '', '', '', '', '', '', '', '', '', '', '', '', '', '', '', '', '', '', '', '', '', '', '']"
x,x,x,x,x,x
x,x,x,x,x,x
x,x,x,x,x,x
x,x,x,x,x,x
x,x,x,x,x,x
"치킨,닭강정","['""https://search.pstatic.net/common/?autoRotate=true&quality=95&type=w750&src=https%3A%2F%2Fldb-phinf.pstatic.net%2F20200315_237%2F1584203124553saRnr_JPEG%2FvUt75ipLw2Ja85am78bKL6p8.jpeg.jpg""']",x,24,2,"['', '', '', '', '', '', '', '', '', '', '', '', '', '', '', '', '', '', '', '', '', '', '', '', '', '', '', '', '', '']"
x,x,x,x,x,x
x,x,x,x,x,x
x,x,x,x,x,x
x,x,x,x,x,x
x,x,x,x,x,x
x,x,x,x,x,x
x,x,x,x,x,x
x,x,x,x,x,x
x,x,x,x,x,x
x,x,x,x,x,x
카페,"['""https://search.pstatic.net/common/?autoRotate=true&type=w560_sharpen&src=https%3A%2F%2Fldb-phinf.pstatic.net%2F20240201_101%2F1706745807775VpGe4_JPEG%2FSNS%25B1%25E2%25C5%25B8_%25B3%25D7%25C0%25CC%25B9%25F6%25C3%25A4%25B3%25CE_%25B5%25E5%25B8%25B5%25C5%25B7%25BF%25E4%25B0%25C5%25C6%25AE.jpg""', '""https://search.pstatic.net/common/?autoRotate=true&type=w560_sharpen&src=https%3A%2F%2Fldb-phinf.pstatic.net%2F20231221_241%2F1703118776404e9UGL_JPEG%2F%25B5%25FE%25B1%25E2_%25B3%25D7%25C0%25CC%25B9%25F6_%25BD%25BA%25B8%25B6%25C6%25AE%25C7%25C3%25B7%25B9%25C0%25CC%25BD%25BA.jpg""', '""https://search.pstatic.net/common/?autoRotate=true&type=w560_sharpen&src=https%3A%2F%2Fldb-phinf.pstatic.net%2F20230130_132%2F1675068602302YgoXp_JPEG%2FSNS%25B1%25E2%25C5%25B8_SNS_morebetter.jpg""']",4.3,195,4,"['', '', '', '', '', '', '', '', '', '', '', '', '', '', '', '', '', '', '', '', '', '', '', '', '', '', '', '', '', '']"
카페,"['""https://search.pstatic.net/common/?autoRotate=true&type=w560_sharpen&src=https%3A%2F%2Fldb-phinf.pstatic.net%2F20160309_216%2F1457507198121udYJM_JPEG%2F176259563657.jpg""', '""https://search.pstatic.net/common/?autoRotate=true&type=w560_sharpen&src=https%3A%2F%2Fldb-phinf.pstatic.net%2F20200417_273%2F1587128168889eOXwm_JPEG%2F8tfHJShDGuYSsPEaL9AqzdoM.jpg""', '""https://search.pstatic.net/common/?autoRotate=true&type=w278_sharpen&src=https%3A%2F%2Fldb-phinf.pstatic.net%2F20210909_27%2F1631182795413NGOiu_JPEG%2FlQUTduIfQsjrw1d6I983YEO-.jpg""']",x,52,2,"['', '', '', '', '', '', '', '', '', '', '', '', '', '', '', '', '', '', '', '', '', '', '', '', '', '', '', '', '', '']"
x,x,x,x,x,x
다방,[],4.67,39,8,"['', '', '', '', '', '', '', '', '', '']"
x,x,x,x,x,x
햄버거,"['""https://search.pstatic.net/common/?autoRotate=true&type=w560_sharpen&src=https%3A%2F%2Fldb-phinf.pstatic.net%2F20230216_176%2F1676523393658cccTx_JPEG%2F1626852816958.jpg""', '""https://search.pstatic.net/common/?autoRotate=true&type=w278_sharpen&src=https%3A%2F%2Fldb-phinf.pstatic.net%2F20230216_17%2F1676523393495Kjdfn_JPEG%2F1628423178741.jpg""', '""https://search.pstatic.net/common/?autoRotate=true&type=w278_sharpen&src=https%3A%2F%2Fldb-phinf.pstatic.net%2F20230216_100%2F1676523394309Fps0L_JPEG%2F1620483961233.jpg""']",4.42,156,51,"['', '', '', '', '', '', '', '', '', '', '', '', '', '', '', '', '', '', '', '', '', '', '', '', '', '', '', '', '', '']"
x,x,x,x,x,x
베이커리,"['""https://search.pstatic.net/common/?autoRotate=true&type=w560_sharpen&src=https%3A%2F%2Fldb-phinf.pstatic.net%2F20170621_225%2F1498019218665zceKt_JPEG%2F186570524249056_0.jpeg""', '""https://search.pstatic.net/common/?autoRotate=true&type=w278_sharpen&src=https%3A%2F%2Fldb-phinf.pstatic.net%2F20170621_27%2F1498019218731LiBSK_JPEG%2F186570524249056_1.jpeg""', '""https://search.pstatic.net/common/?autoRotate=true&type=w278_sharpen&src=https%3A%2F%2Fldb-phinf.pstatic.net%2F20170621_239%2F1498019218804cxaOt_JPEG%2F186570524249056_2.jpeg""']",4.11,62,20,"['', '', '', '', '', '', '', '', '', '', '', '', '', '', '', '', '', '', '', '', '', '', '', '', '', '', '', '', '', '']"
x,x,x,x,x,x
x,x,x,x,x,x
x,x,x,x,x,x
돈가스,"['""https://search.pstatic.net/common/?autoRotate=true&type=w560_sharpen&src=https%3A%2F%2Fldb-phinf.pstatic.net%2F20200415_102%2F1586941962197dUWia_JPEG%2F-x3c28TFOzKtEqRBgepwzxKq.jpg""', '""https://search.pstatic.net/common/?autoRotate=true&type=w278_sharpen&src=https%3A%2F%2Fldb-phinf.pstatic.net%2F20240211_103%2F1707616075691aYgqQ_JPEG%2F1691129857649.jpg""', '""https://search.pstatic.net/common/?autoRotate=true&type=w278_sharpen&src=https%3A%2F%2Fldb-phinf.pstatic.net%2F20240211_197%2F1707616013389oJmWL_JPEG%2F1000007309.jpg""']",4.48,163,33,"['', '', '', '', '', '', '', '', '', '', '', '', '', '', '', '', '', '', '', '', '', '', '', '', '', '', '', '', '', '']"
아이스크림,"['""https://search.pstatic.net/common/?autoRotate=true&quality=95&type=w750&src=https%3A%2F%2Fldb-phinf.pstatic.net%2F20190207_263%2F1549518073913VHxxg_JPEG%2FWzOVG98BAb-9oaMe84QYeDV3.jpg""']",4.48,1018,17,"['', '', '', '', '', '', '', '', '', '', '', '', '', '', '', '', '', '', '', '', '', '', '', '', '', '', '', '', '', '']"
x,x,x,x,x,x
햄버거,"['""https://search.pstatic.net/common/?autoRotate=true&quality=95&type=w750&src=https%3A%2F%2Fldb-phinf.pstatic.net%2F20230829_137%2F1693282401170BAq7o_PNG%2F%25B7%25CE%25B0%25ED_%25C1%25A4%25B9%25E6%25C7%25FC.png""']",4.63,153,2,"['', '', '', '', '', '', '', '', '', '', '', '', '', '', '', '', '', '', '', '', '', '', '', '', '', '', '', '', '', '']"
갤러리카페,"['""https://search.pstatic.net/common/?autoRotate=true&type=w560_sharpen&src=https%3A%2F%2Fldb-phinf.pstatic.net%2F20210912_75%2F16314335869410LSMG_JPEG%2F8Wwo_Ugsc5LyZ6jisKGrACtu.jpg""', '""https://search.pstatic.net/common/?autoRotate=true&type=w278_sharpen&src=https%3A%2F%2Fldb-phinf.pstatic.net%2F20180420_270%2F1524154962517lCP2b_JPEG%2FKNOiAwRSjQ0C8H3laCRissek.jpg""', '""https://search.pstatic.net/common/?autoRotate=true&type=w278_sharpen&src=https%3A%2F%2Fldb-phinf.pstatic.net%2F20210912_273%2F1631433653164fu31m_JPEG%2Fn20pwJSIVTv1teYoVwkm-tUi.jpg""']",4.5,126,225,"['', '', '', '', '', '', '', '', '', '', '', '', '', '', '', '', '', '', '', '', '', '', '', '', '', '', '', '', '', '']"
베이커리,"['""https://search.pstatic.net/common/?autoRotate=true&type=w560_sharpen&src=https%3A%2F%2Fldb-phinf.pstatic.net%2F20230702_298%2F16883040211700H8rf_JPEG%2FA2EB5E71-3566-4DF2-903F-C1E97E346242.jpeg""', '""https://search.pstatic.net/common/?autoRotate=true&type=w278_sharpen&src=https%3A%2F%2Fldb-phinf.pstatic.net%2F20230702_267%2F16883039981149C3ik_JPEG%2F7034BD8E-46A3-48DD-8F36-7BB3675592BF.jpeg""', '""https://search.pstatic.net/common/?autoRotate=true&type=w278_sharpen&src=https%3A%2F%2Fldb-phinf.pstatic.net%2F20230702_34%2F1688303998024SARR8_JPEG%2F6BF07E77-A35C-490F-83EB-F2805D173941.jpeg""']",x,7,3,"['', '', '', '', '', '', '', '', '', '', '', '', '', '', '', '', '', '', '', '', '', '', '', '', '', '', '', '', '', '']"
x,x,x,x,x,x
종합분식,"['""https://search.pstatic.net/common/?autoRotate=true&type=w560_sharpen&src=https%3A%2F%2Fldb-phinf.pstatic.net%2F20230407_235%2F1680859498644FSsXX_JPEG%2F20230130_120225.jpg""', '""https://search.pstatic.net/common/?autoRotate=true&type=w560_sharpen&src=https%3A%2F%2Fldb-phinf.pstatic.net%2F20230407_260%2F1680859479182JsyrI_JPEG%2F16808594625616842583387308483045.jpg""']",x,42,3,"['', '', '', '', '', '', '', '', '', '', '', '', '', '', '', '', '', '', '', '', '', '', '', '', '', '', '', '', '', '']"
x,x,x,x,x,x
종합분식,"['""https://search.pstatic.net/common/?autoRotate=true&quality=95&type=w750&src=https%3A%2F%2Fldb-phinf.pstatic.net%2F20200710_6%2F1594367158355nS9SU_JPEG%2FvBm4jFp3ugMXTIRlEcpRJC1v.jpg""']",4.46,86,1,"['', '', '', '', '', '', '', '', '', '', '', '', '', '', '', '', '', '', '', '', '', '', '', '', '', '', '', '', '', '']"
x,x,x,x,x,x
테이크아웃커피,"['""https://search.pstatic.net/common/?autoRotate=true&quality=95&type=w750&src=https%3A%2F%2Fldb-phinf.pstatic.net%2F20210524_2%2F1621849167319csVdA_JPEG%2F3gSmEZAIsFBh_umuCmf5D8uA.jpg""']",x,38,5,"['', '', '', '', '', '', '', '', '', '', '', '', '', '', '', '', '', '', '', '', '', '', '', '', '', '', '', '', '', '']"
x,x,x,x,x,x
"카페,디저트","['""https://search.pstatic.net/common/?autoRotate=true&type=w560_sharpen&src=https%3A%2F%2Fldb-phinf.pstatic.net%2F20191002_144%2F1570003397470518BW_JPEG%2FLXV-bHrn2pglaIPe4xmgsRw3.jpg""', '""https://search.pstatic.net/common/?autoRotate=true&type=w278_sharpen&src=https%3A%2F%2Fldb-phinf.pstatic.net%2F20191002_213%2F1570003431647Xkznl_JPEG%2FXCxnvclXVEJI5cqiGqCF2iju.jpg""', '""https://search.pstatic.net/common/?autoRotate=true&type=w278_sharpen&src=https%3A%2F%2Fldb-phinf.pstatic.net%2F20191003_51%2F1570036912304bL3Jf_JPEG%2FVpyjYQyAm55JpXKBDJekWNxH.jpg""']",4.58,129,11,"['', '', '', '', '', '', '', '', '', '', '', '', '', '', '', '', '', '', '', '', '', '', '', '', '', '', '', '', '', '']"
x,x,x,x,x,x
x,x,x,x,x,x
"카페,디저트","['""https://search.pstatic.net/common/?autoRotate=true&type=w560_sharpen&src=https%3A%2F%2Fldb-phinf.pstatic.net%2F20230314_240%2F167880510343414tXI_JPEG%2F1674018539759.jpg""', '""https://search.pstatic.net/common/?autoRotate=true&type=w278_sharpen&src=https%3A%2F%2Fldb-phinf.pstatic.net%2F20230224_270%2F16772022868182DXMg_JPEG%2F1671779122577.jpg""', '""https://search.pstatic.net/common/?autoRotate=true&type=w278_sharpen&src=https%3A%2F%2Fldb-phinf.pstatic.net%2F20230224_60%2F16772022868584cPDk_JPEG%2F1671779122507.jpg""']",4.86,75,4,"['', '', '', '', '', '', '', '', '', '', '', '', '', '', '', '', '', '', '', '', '', '', '', '', '', '', '', '', '', '']"
x,x,x,x,x,x
x,x,x,x,x,x
카페,"['""https://search.pstatic.net/common/?autoRotate=true&type=w560_sharpen&src=https%3A%2F%2Fldb-phinf.pstatic.net%2F20190711_70%2F15628138926886htfn_JPEG%2Fwbb7O43c2njjCME60hDAh9H-.jpg""', '""https://search.pstatic.net/common/?autoRotate=true&type=w278_sharpen&src=https%3A%2F%2Fldb-phinf.pstatic.net%2F20231129_78%2F17012406714462uQWD_JPEG%2FKakaoTalk_Photo_2023-11-29-15-49-20_012jpeg.jpeg""', '""https://search.pstatic.net/common/?autoRotate=true&type=w278_sharpen&src=https%3A%2F%2Fldb-phinf.pstatic.net%2F20231129_29%2F1701240671322LobXA_JPEG%2FKakaoTalk_Photo_2023-11-29-15-49-20_009jpeg.jpeg""']",4.71,191,75,"['', '', '', '', '', '', '', '', '', '', '', '', '', '', '', '', '', '', '', '', '', '', '', '', '', '', '', '', '', '']"
"카페,디저트","['""https://search.pstatic.net/common/?autoRotate=true&type=w560_sharpen&src=https%3A%2F%2Fldb-phinf.pstatic.net%2F20200611_206%2F15918473195244X6Nm_JPEG%2Fd3oR_xMlFLUbJ_lG-vJBH8oe.jpeg.jpg""', '""https://search.pstatic.net/common/?autoRotate=true&type=w278_sharpen&src=https%3A%2F%2Fldb-phinf.pstatic.net%2F20200403_187%2F15858833150265vzQS_JPEG%2Fav6Advm2gKjBA3nGTPAzKK5a.jpeg.jpg""', '""https://search.pstatic.net/common/?autoRotate=true&type=w278_sharpen&src=https%3A%2F%2Fldb-phinf.pstatic.net%2F20190816_186%2F1565924674310s54Uc_JPEG%2FRw-J9jLQE76LeaXNPTVdybnY.jpg""']",4.43,539,290,"['', '', '', '', '', '', '', '', '', '', '', '', '', '', '', '', '', '', '', '', '', '', '', '', '', '', '', '', '', '']"
